timestamp,energy_kwh,outdoor_temp,indoor_temp,occupancy,humidity,hvac_status,solar_irradiance,wind_speed,building_zone,setpoint_temp,equipment_age,day_type
2026-01-02 20:40:33.605828,68.97237936942986,23.994418196796076,22.757882041290074,31,53.9,0,0.0,5.5,Main Building,22.0,5.0,Weekday
2026-01-02 21:40:33.605828,84.75558730948848,22.93212486176619,22.968066390410343,37,44.8,0,0.0,11.6,Main Building,22.0,5.0,Weekday
2026-01-02 22:40:33.605828,87.79087933137839,19.819120352156247,22.868213105696334,29,55.0,0,0.0,2.8,Main Building,20.0,5.0,Weekday
2026-01-02 23:40:33.605828,98.14428126983465,18.87259215261544,22.4325336175334,22,54.7,0,0.0,19.0,Main Building,20.0,5.0,Weekday
2026-01-03 00:40:33.605828,60.15070464327483,11.817113736466428,25.75966310889803,68,57.6,1,0.0,5.0,Main Building,20.0,5.0,Weekend
2026-01-03 01:40:33.605828,57.81921902736561,15.14491154424761,23.815265965223006,48,52.7,1,0.0,1.8,Main Building,20.0,5.0,Weekend
2026-01-03 02:40:33.605828,46.56970759428573,14.40970587339125,23.79289192163743,0,54.1,1,0.0,5.9,Main Building,20.0,5.0,Weekend
2026-01-03 03:40:33.605828,44.52123384376453,9.516122200670038,23.835541262183288,43,47.8,1,0.0,10.9,Main Building,20.0,5.0,Weekend
2026-01-03 04:40:33.605828,42.440914127208735,13.802065537240113,23.414154590436553,0,52.0,1,0.0,5.5,Main Building,20.0,5.0,Weekend
2026-01-03 05:40:33.605828,39.87168275586212,12.431610066382452,24.110339658166005,44,55.8,1,0.0,4.1,Main Building,20.0,5.0,Weekend
2026-01-03 06:40:33.605828,37.08442381792779,9.819846498371273,24.091455878772262,0,40.3,1,0.0,5.0,Main Building,20.0,5.0,Weekend
2026-01-03 07:40:33.605828,35.6138062088696,17.429793073466325,22.858061924229492,32,42.3,1,21.3,2.5,Main Building,20.0,5.0,Weekend
2026-01-03 08:40:33.605828,25.742928990318774,20.118454017829052,22.029151874140766,11,40.4,0,70.8,25.8,Main Building,22.0,5.0,Weekend
2026-01-03 09:40:33.605828,34.9234371175937,24.237006348452244,22.92759942783616,31,32.3,1,193.1,9.4,Main Building,22.0,5.0,Weekend
2026-01-03 10:40:33.605828,32.08869841731362,20.80103070393255,21.654556819865064,40,41.0,0,190.4,1.5,Main Building,22.0,5.0,Weekend
2026-01-03 11:40:33.605828,40.00155979529145,22.16869842499753,21.868951734173503,5,40.7,0,339.4,10.5,Main Building,22.0,5.0,Weekend
2026-01-03 12:40:33.605828,45.69729746633248,25.741548909972128,23.204649263959325,11,36.0,1,445.3,2.5,Main Building,22.0,5.0,Weekend
2026-01-03 13:40:33.605828,57.347439982119695,27.631090660714506,24.076952885393585,48,29.6,1,652.9,5.4,Main Building,22.0,5.0,Weekend
2026-01-03 14:40:33.605828,40.98433654997788,23.5998676205114,21.98263048971447,42,32.5,0,487.5,9.5,Main Building,22.0,5.0,Weekend
2026-01-03 15:40:33.605828,45.324572967499115,26.43195722378791,23.316261841657155,21,29.7,1,282.6,3.1,Main Building,22.0,5.0,Weekend
2026-01-03 16:40:33.605828,32.216605623903455,26.03568770042051,22.85600688981519,10,37.4,1,165.9,9.4,Main Building,22.0,5.0,Weekend
2026-01-03 17:40:33.605828,35.87441763016952,29.978601325598678,24.463372797388267,0,38.0,1,250.6,13.3,Main Building,22.0,5.0,Weekend
2026-01-03 18:40:33.605828,29.238077439687686,27.981278980300715,23.47936168399494,50,44.8,1,76.2,5.2,Main Building,22.0,5.0,Weekend
2026-01-03 19:40:33.605828,20.88673552393934,23.801428235441914,22.058594005049862,23,44.7,0,34.0,3.4,Main Building,22.0,5.0,Weekend
2026-01-03 20:40:33.605828,20.448113128567222,22.087235341977756,22.109896105742074,41,56.5,0,0.0,2.2,Main Building,22.0,5.0,Weekend
2026-01-03 21:40:33.605828,29.846139668369258,20.469875950517828,22.74049376399365,57,52.9,0,0.0,8.2,Main Building,22.0,5.0,Weekend
2026-01-03 22:40:33.605828,29.841454149927845,20.42559926516096,22.475906698396773,19,66.2,0,0.0,11.7,Main Building,22.0,5.0,Weekend
2026-01-03 23:40:33.605828,40.338795781085,19.602233473476883,22.22162299770663,35,54.6,0,0.0,5.0,Main Building,20.0,5.0,Weekend
2026-01-04 00:40:33.605828,58.14619987233089,16.40741304483781,23.206180628590307,22,58.1,1,0.0,5.7,Main Building,20.0,5.0,Weekend
2026-01-04 01:40:33.605828,58.77134363553744,12.474847638562125,23.309097451434113,44,50.0,1,0.0,6.9,Main Building,20.0,5.0,Weekend
2026-01-04 02:40:33.605828,45.32577509477996,16.967597828755835,22.32435534725716,11,68.6,1,0.0,9.8,Main Building,20.0,5.0,Weekend
2026-01-04 03:40:33.605828,53.621192661021354,13.362821369314995,23.3353853139434,0,57.3,1,0.0,14.9,Main Building,20.0,5.0,Weekend
2026-01-04 04:40:33.605828,39.83081608099826,14.595174825539758,22.841969121971026,16,46.9,1,0.0,4.6,Main Building,20.0,5.0,Weekend
2026-01-04 05:40:33.605828,34.44074048164186,15.919463560706461,24.079487563132602,38,52.8,1,0.0,2.3,Main Building,20.0,5.0,Weekend
2026-01-04 06:40:33.605828,33.519148009215165,16.927755600241916,22.850648726673697,35,45.1,1,0.0,22.0,Main Building,20.0,5.0,Weekend
2026-01-04 07:40:33.605828,25.688033090289135,18.964084055366378,23.19842418527719,11,51.5,0,15.0,8.4,Main Building,20.0,5.0,Weekend
2026-01-04 08:40:33.605828,37.43980777532162,16.940487530052252,22.606780293593673,32,41.6,1,135.7,4.5,Main Building,20.0,5.0,Weekend
2026-01-04 09:40:33.605828,50.56567162833326,16.03232564820093,23.8862345129892,26,49.7,1,169.1,6.2,Main Building,20.0,5.0,Weekend
2026-01-04 10:40:33.605828,34.7411729058574,21.344843353080353,21.796298826066767,21,37.5,0,407.3,6.8,Main Building,22.0,5.0,Weekend
2026-01-04 11:40:33.605828,56.535666904746016,25.554915060020477,23.907211009982884,13,45.2,1,489.1,2.3,Main Building,22.0,5.0,Weekend
2026-01-04 12:40:33.605828,56.764977551830754,27.133376016919495,22.98899243650393,46,29.6,1,545.6,1.7,Main Building,22.0,5.0,Weekend
2026-01-04 13:40:33.605828,52.93199670014012,25.54391879215574,22.281148214021286,4,30.6,1,334.9,2.0,Main Building,22.0,5.0,Weekend
2026-01-04 14:40:33.605828,59.601790029490104,29.753274775427666,24.075959334208235,73,31.9,1,507.7,6.6,Main Building,22.0,5.0,Weekend
2026-01-04 15:40:33.605828,49.40049609686727,30.49658234989702,24.591468557869387,37,33.8,1,203.8,6.8,Main Building,22.0,5.0,Weekend
2026-01-04 16:40:33.605828,44.67087211657699,30.843871067737336,25.327737316870607,0,39.8,1,401.8,3.3,Main Building,22.0,5.0,Weekend
2026-01-04 17:40:33.605828,46.89911957361958,32.068879929182586,24.912529456095385,25,28.5,1,110.6,1.5,Main Building,22.0,5.0,Weekend
2026-01-04 18:40:33.605828,34.97558516066601,28.613813332581024,24.369631711953815,55,42.6,1,129.9,7.4,Main Building,22.0,5.0,Weekend
2026-01-04 19:40:33.605828,27.840352067538433,28.277163711382414,24.752777572801456,32,52.6,1,36.4,4.4,Main Building,22.0,5.0,Weekend
2026-01-04 20:40:33.605828,31.082656586572924,25.75859908574461,23.623119418304963,3,56.9,1,0.0,6.3,Main Building,22.0,5.0,Weekend
2026-01-04 21:40:33.605828,35.71377614248182,18.270643276975377,22.246524819424113,33,65.5,0,0.0,2.5,Main Building,20.0,5.0,Weekend
2026-01-04 22:40:33.605828,34.494902148896536,21.033768370188128,21.93176766680076,40,62.6,0,0.0,6.9,Main Building,22.0,5.0,Weekend
2026-01-04 23:40:33.605828,50.360667748064735,18.35327358475257,23.412288946162523,69,61.2,0,0.0,5.2,Main Building,20.0,5.0,Weekend
2026-01-05 00:40:33.605828,105.93609398753708,19.063884969586393,21.881349120288746,89,52.5,0,0.0,6.9,Main Building,20.0,5.0,Weekday
2026-01-05 01:40:33.605828,93.64845190938976,21.529514364067907,21.56463336224369,6,68.7,0,0.0,1.6,Main Building,22.0,5.0,Weekday
2026-01-05 02:40:33.605828,107.02800190671715,15.629085470355891,22.896873142120192,52,59.7,1,0.0,8.9,Main Building,20.0,5.0,Weekday
2026-01-05 03:40:33.605828,95.07436880205209,13.202945187983765,23.162469111347455,18,46.3,1,0.0,4.2,Main Building,20.0,5.0,Weekday
2026-01-05 04:40:33.605828,69.09806698120562,17.108418431524363,22.94268367352329,0,49.2,1,0.0,1.3,Main Building,20.0,5.0,Weekday
2026-01-05 05:40:33.605828,80.49372467061832,12.25824907421349,23.22369099179993,53,42.3,1,0.0,6.9,Main Building,20.0,5.0,Weekday
2026-01-05 06:40:33.605828,66.21240236216994,13.193060059296743,23.92616092900464,39,49.9,1,0.0,6.2,Main Building,20.0,5.0,Weekday
2026-01-05 07:40:33.605828,62.74956677213016,17.31749234868646,22.203152302303966,45,41.1,1,16.6,7.5,Main Building,20.0,5.0,Weekday
2026-01-05 08:40:33.605828,97.0329634121108,20.149854033096616,22.871909852511042,445,44.3,1,123.5,12.7,Main Building,22.0,5.0,Weekday
2026-01-05 09:40:33.605828,104.51033781892232,21.750802876179335,22.244319213116643,443,39.6,1,173.0,28.3,Main Building,22.0,5.0,Weekday
2026-01-05 10:40:33.605828,108.1570914900557,25.296134346673014,22.38138356326393,340,31.2,1,400.0,11.3,Main Building,22.0,5.0,Weekday
2026-01-05 11:40:33.605828,122.1682618512423,23.88361723554453,22.971214433432177,373,42.3,1,325.1,5.8,Main Building,22.0,5.0,Weekday
2026-01-05 12:40:33.605828,136.35612143567036,30.275643162649203,23.804951084114176,358,38.7,1,413.5,8.7,Main Building,22.0,5.0,Weekday
2026-01-05 13:40:33.605828,128.2776632569225,23.81872802214881,22.23694482326993,494,35.0,1,300.9,4.0,Main Building,22.0,5.0,Weekday
2026-01-05 14:40:33.605828,111.85901941301731,29.01075856779054,23.081493083107425,287,43.6,1,603.8,1.5,Main Building,22.0,5.0,Weekday
2026-01-05 15:40:33.605828,102.86889935157936,31.96844013331812,24.79138602186122,286,43.9,1,425.6,16.1,Main Building,22.0,5.0,Weekday
2026-01-05 16:40:33.605828,89.18637489168734,30.7096730780711,24.9787389723547,411,35.4,1,323.3,1.8,Main Building,22.0,5.0,Weekday
2026-01-05 17:40:33.605828,87.68532318401982,30.868554214719236,24.72130647199736,304,46.1,1,309.8,3.5,Main Building,22.0,5.0,Holiday
2026-01-05 18:40:33.605828,88.65759863127448,28.494517357957324,23.916168059759418,362,48.2,1,133.7,4.6,Main Building,22.0,5.0,Weekday
2026-01-05 19:40:33.605828,68.5252475314682,28.510083349652152,23.598948434606246,53,46.0,1,34.9,9.0,Main Building,22.0,5.0,Weekday
2026-01-05 20:40:33.605828,59.93029150605859,25.15070389672328,23.221609145551984,0,48.1,1,0.0,5.7,Main Building,22.0,5.0,Weekday
2026-01-05 21:40:33.605828,82.75715465103912,26.235936014430006,23.609762610324612,28,48.1,1,0.0,4.8,Main Building,22.0,5.0,Weekday
2026-01-05 22:40:33.605828,102.27238617555399,24.1957917713252,22.20703899334164,46,54.8,1,0.0,5.4,Main Building,22.0,5.0,Weekday
2026-01-05 23:40:33.605828,106.99443347354658,23.22496562844879,22.761026805567028,28,55.3,0,0.0,8.5,Main Building,22.0,5.0,Weekday
2026-01-06 00:40:33.605828,98.53069070390882,22.26253657164795,21.175768582134218,25,58.7,0,0.0,0.6,Main Building,22.0,5.0,Weekday
2026-01-06 01:40:33.605828,112.13815914814714,14.807847742366537,23.396905973314603,50,55.0,1,0.0,1.0,Main Building,20.0,5.0,Weekday
2026-01-06 02:40:33.605828,104.87070146843247,14.116887383543927,23.669890098257895,50,55.5,1,0.0,3.9,Main Building,20.0,5.0,Weekday
2026-01-06 03:40:33.605828,84.23703768694668,15.443064737096613,23.169016161129576,26,53.3,1,0.0,2.2,Main Building,20.0,5.0,Weekday
2026-01-06 04:40:33.605828,80.2138109828432,11.370614661249697,24.347788302650994,22,50.5,1,0.0,4.0,Main Building,20.0,5.0,Weekday
2026-01-06 05:40:33.605828,74.98895220751628,12.844126498615095,24.9226575922223,18,52.5,1,0.0,3.0,Main Building,20.0,5.0,Weekday
2026-01-06 06:40:33.605828,63.059711346493586,17.74575582484448,22.246293364108325,8,48.6,1,0.0,0.4,Main Building,20.0,5.0,Weekday
2026-01-06 07:40:33.605828,55.691638607900515,18.616453969062892,22.466437755578056,35,46.7,0,25.7,1.3,Main Building,20.0,5.0,Weekday
2026-01-06 08:40:33.605828,99.09523252263672,16.461153019224206,23.249503886274784,432,40.9,1,117.6,4.9,Main Building,20.0,5.0,Weekday
2026-01-06 09:40:33.605828,102.22834273687,21.811124153535655,21.668366933586952,339,45.1,1,114.8,0.5,Main Building,22.0,5.0,Weekday
2026-01-06 10:40:33.605828,105.19241450312877,23.88705744060935,22.1741439846328,381,42.0,1,300.1,4.6,Main Building,22.0,5.0,Weekday
2026-01-06 11:40:33.605828,122.61199884120828,23.37981327280101,20.909761828202416,378,39.4,1,249.7,7.1,Main Building,22.0,5.0,Weekday
2026-01-06 12:40:33.605828,134.60248248610247,30.044099280657793,23.942929115235444,394,34.0,1,542.0,11.2,Main Building,22.0,5.0,Weekday
2026-01-06 13:40:33.605828,109.60616118136639,24.96937013857872,23.670110938109033,359,37.5,1,519.5,2.2,Main Building,22.0,5.0,Weekday
2026-01-06 14:40:33.605828,132.9974353746986,31.103416877861182,25.63692094874449,421,32.5,1,481.1,3.1,Main Building,22.0,5.0,Weekday
2026-01-06 15:40:33.605828,111.80686027008458,30.071229342659453,24.949313766960422,337,37.5,1,612.1,0.9,Main Building,22.0,5.0,Weekday
2026-01-06 16:40:33.605828,105.12291400119399,33.4944473802274,25.006399549586842,355,43.8,1,340.6,5.7,Main Building,22.0,5.0,Weekday
2026-01-06 17:40:33.605828,89.1461691267076,30.570978767181106,24.626393029670755,371,41.0,1,156.3,8.9,Main Building,22.0,5.0,Weekday
2026-01-06 18:40:33.605828,78.60719666722795,33.11957585447721,24.180179023952434,296,44.5,1,66.5,0.4,Main Building,22.0,5.0,Weekday
2026-01-06 19:40:33.605828,65.21130351503777,28.47271185338682,24.677594443540617,53,58.8,1,13.7,20.9,Main Building,22.0,5.0,Weekday
2026-01-06 20:40:33.605828,75.88357691303202,27.15021184011721,23.974108241876863,28,56.0,1,0.0,1.9,Main Building,22.0,5.0,Weekday
2026-01-06 21:40:33.605828,74.50469531021388,24.574983278492176,22.886156796045533,0,67.4,1,0.0,2.1,Main Building,22.0,5.0,Weekday
2026-01-06 22:40:33.605828,91.87237244653001,23.536423847373896,22.57204956145908,45,54.9,0,0.0,12.1,Main Building,22.0,5.0,Holiday
2026-01-06 23:40:33.605828,106.97112548444278,19.347750752103988,22.49788199860265,22,59.8,0,0.0,6.5,Main Building,20.0,5.0,Weekday
2026-01-07 00:40:33.605828,198.51395131322846,20.273199927119276,21.78215210072685,17,51.5,0,0.0,4.0,Main Building,22.0,5.0,Weekday
2026-01-07 01:40:33.605828,112.59164077340334,17.691433221878263,22.950924145787603,6,59.7,1,0.0,13.9,Main Building,20.0,5.0,Weekday
2026-01-07 02:40:33.605828,96.90016512204966,17.979114685379002,22.721486460591,5,56.7,1,0.0,2.8,Main Building,20.0,5.0,Weekday
2026-01-07 03:40:33.605828,104.25885043113628,13.586252433778615,23.488501603136434,6,57.2,1,0.0,2.3,Main Building,20.0,5.0,Weekday
2026-01-07 04:40:33.605828,75.30655659618067,15.716209253710984,23.85802412320211,9,54.4,1,0.0,1.4,Main Building,20.0,5.0,Weekday
2026-01-07 05:40:33.605828,73.73922985320657,11.000232818577231,23.128377949308913,54,41.0,1,0.0,9.4,Main Building,20.0,5.0,Weekday
2026-01-07 06:40:33.605828,57.91047615066255,15.776340716871628,23.703479773138692,33,51.3,1,0.0,17.2,Main Building,20.0,5.0,Weekday
2026-01-07 07:40:33.605828,60.18235033640951,22.021828709431794,20.74886154144953,14,51.7,0,26.4,23.7,Main Building,22.0,5.0,Weekday
2026-01-07 08:40:33.605828,88.7719370001159,19.17451130474347,22.513990330874176,438,35.6,1,146.7,1.7,Main Building,20.0,5.0,Weekday
2026-01-07 09:40:33.605828,83.94300505462716,21.306288079502508,22.05995616322439,320,37.2,1,130.0,5.4,Main Building,22.0,5.0,Weekday
2026-01-07 10:40:33.605828,114.1733049518097,23.045145263055186,22.294207502458022,420,41.7,1,267.0,2.9,Main Building,22.0,5.0,Weekday
2026-01-07 11:40:33.605828,188.1829762359805,23.006680445410325,22.544110927369147,342,37.5,1,596.0,0.8,Main Building,22.0,5.0,Weekday
2026-01-07 12:40:33.605828,136.72526692802035,30.049669805262706,24.284085815911336,458,36.3,1,315.1,7.4,Main Building,22.0,5.0,Weekday
2026-01-07 13:40:33.605828,139.3953715390083,28.59333018745844,23.919419004941307,495,32.6,1,316.9,8.0,Main Building,22.0,5.0,Weekday
2026-01-07 14:40:33.605828,132.75682363782033,33.91637332861285,25.410845407011347,357,38.2,1,653.9,2.0,Main Building,22.0,5.0,Holiday
2026-01-07 15:40:33.605828,114.96578024567357,31.39201714702956,25.13225700108857,415,31.6,1,473.3,15.2,Main Building,22.0,5.0,Holiday
2026-01-07 16:40:33.605828,100.82033601434088,29.718553817278874,24.33314362265213,390,48.1,1,351.9,3.5,Main Building,22.0,5.0,Weekday
2026-01-07 17:40:33.605828,82.91676855027282,30.107346836978188,24.72883170672217,357,36.4,1,243.7,4.8,Main Building,22.0,5.0,Weekday
2026-01-07 18:40:33.605828,103.56934365490766,35.054111388484046,26.075726683038255,390,40.2,1,60.2,6.9,Main Building,22.0,5.0,Weekday
2026-01-07 19:40:33.605828,69.760938457269,32.53474954303247,25.11362795688236,4,41.4,1,14.3,7.2,Main Building,22.0,5.0,Weekday
2026-01-07 20:40:33.605828,82.0447263845183,29.60011020274296,23.982442045874656,15,52.0,1,0.0,12.4,Main Building,22.0,5.0,Weekday
2026-01-07 21:40:33.605828,85.32049509283193,27.438172945533918,23.486739818871555,10,48.7,1,0.0,5.9,Main Building,22.0,5.0,Weekday
2026-01-07 22:40:33.605828,77.98266109169893,20.833332032631038,21.907624383591312,14,61.8,0,0.0,6.8,Main Building,22.0,5.0,Weekday
2026-01-07 23:40:33.605828,90.51077219918322,22.550466140063886,22.615834543619265,32,61.4,0,0.0,24.1,Main Building,22.0,5.0,Weekday
2026-01-08 00:40:33.605828,100.13158836027227,20.995897413231337,22.216744273210434,36,64.4,0,0.0,4.7,Main Building,22.0,5.0,Weekday
2026-01-08 01:40:33.605828,92.71340550689568,22.857445249258873,22.038692338201766,24,61.6,0,0.0,9.5,Main Building,22.0,5.0,Weekday
2026-01-08 02:40:33.605828,87.90906207532208,17.47876836286541,22.114502324660577,37,63.7,1,0.0,6.1,Main Building,20.0,5.0,Weekday
2026-01-08 03:40:33.605828,82.69583439489998,18.797658452781548,21.942565704530043,76,51.5,0,0.0,3.1,Main Building,20.0,5.0,Holiday
2026-01-08 04:40:33.605828,70.97734321291439,15.67948379517175,23.136716502417162,35,53.6,1,0.0,10.6,Main Building,20.0,5.0,Weekday
2026-01-08 05:40:33.605828,74.85980514074063,15.42187374396929,23.004801740580405,48,52.5,1,0.0,5.4,Main Building,20.0,5.0,Weekday
2026-01-08 06:40:33.605828,70.9134075586458,12.10942244215189,23.86078259285256,0,38.4,1,0.0,7.9,Main Building,20.0,5.0,Weekday
2026-01-08 07:40:33.605828,68.38800274083282,16.335990477067725,22.54843845203217,10,49.4,1,23.9,3.1,Main Building,20.0,5.0,Weekday
2026-01-08 08:40:33.605828,86.15576840399085,20.21801770224065,21.65364383679155,324,42.9,1,105.7,6.7,Main Building,22.0,5.0,Weekday
2026-01-08 09:40:33.605828,107.23781983119221,16.114428841419105,23.70974972629727,426,47.5,1,297.7,1.5,Main Building,20.0,5.0,Weekday
2026-01-08 10:40:33.605828,103.82574060364769,22.11869931715858,22.270382012028985,370,43.3,1,477.1,2.4,Main Building,22.0,5.0,Weekday
2026-01-08 11:40:33.605828,133.99064501399894,28.617485385696487,24.42293337847541,348,38.6,1,256.3,2.1,Main Building,22.0,5.0,Weekday
2026-01-08 12:40:33.605828,133.65351403711875,27.66159652866665,23.69367865430267,401,33.8,1,643.4,5.7,Main Building,22.0,5.0,Weekday
2026-01-08 13:40:33.605828,138.51785421233743,28.2456855144852,24.05187515074803,468,41.4,1,734.3,5.1,Main Building,22.0,5.0,Weekday
2026-01-08 14:40:33.605828,127.89430086016132,32.280414244306506,25.27814443254551,469,38.3,1,384.3,9.9,Main Building,22.0,5.0,Holiday
2026-01-08 15:40:33.605828,106.42324323475253,31.016210402373535,25.007074183343985,320,41.7,1,571.3,8.3,Main Building,22.0,5.0,Weekday
2026-01-08 16:40:33.605828,92.51919718975644,28.663776443703917,23.66173037062846,458,33.1,1,234.5,4.9,Main Building,22.0,5.0,Weekday
2026-01-08 17:40:33.605828,109.99107460867236,38.968697956161456,27.135483548178453,348,29.2,1,188.9,3.7,Main Building,22.0,5.0,Weekday
2026-01-08 18:40:33.605828,96.11301162995512,33.29368456048017,25.439034383075676,351,50.4,1,145.6,9.9,Main Building,22.0,5.0,Weekday
2026-01-08 19:40:33.605828,70.23194998605047,29.071258167673406,24.84713825820778,40,55.6,1,36.1,4.8,Main Building,22.0,5.0,Weekday
2026-01-08 20:40:33.605828,70.70831111908792,26.96350169807071,22.913933865326964,8,43.3,1,0.0,7.9,Main Building,22.0,5.0,Weekday
2026-01-08 21:40:33.605828,90.04666718316503,26.745771547498716,23.875602181001344,62,55.5,1,0.0,4.1,Main Building,22.0,5.0,Weekday
2026-01-08 22:40:33.605828,92.62101879487827,24.84849045083301,23.417120338424333,26,47.6,1,0.0,15.4,Main Building,22.0,5.0,Weekday
2026-01-08 23:40:33.605828,96.04515392987877,24.0153673675196,22.902513871738847,39,50.2,1,0.0,9.7,Main Building,22.0,5.0,Weekday
2026-01-09 00:40:33.605828,99.69228689791063,19.31074681080843,23.074568819101923,23,59.9,0,0.0,5.7,Main Building,20.0,5.0,Weekday
2026-01-09 01:40:33.605828,119.76027766068307,16.501648102290623,23.25298127973945,24,55.4,1,0.0,1.0,Main Building,20.0,5.0,Holiday
2026-01-09 02:40:33.605828,108.35165463103766,14.06168355280395,23.874422598266815,47,55.2,1,0.0,7.2,Main Building,20.0,5.0,Weekday
2026-01-09 03:40:33.605828,76.79793621732377,19.356708909100725,22.222149101004106,1,52.8,0,0.0,1.8,Main Building,20.0,5.0,Weekday
2026-01-09 04:40:33.605828,48.21005276479147,18.176228398076503,23.326114561517564,28,60.7,0,0.0,18.9,Main Building,20.0,5.0,Weekday
2026-01-09 05:40:33.605828,64.0420148767484,15.696011989678686,23.45770140194472,52,54.4,1,0.0,9.7,Main Building,20.0,5.0,Weekday
2026-01-09 06:40:33.605828,62.19962971443678,17.829061795741907,23.138061191756314,57,55.5,1,0.0,6.6,Main Building,20.0,5.0,Weekday
2026-01-09 07:40:33.605828,54.19267963689996,18.905925747032327,23.11494603936144,38,44.9,0,22.3,4.7,Main Building,20.0,5.0,Weekday
2026-01-09 08:40:33.605828,80.86533008801517,22.148362590563202,22.799719353896148,393,45.8,1,124.9,4.7,Main Building,22.0,5.0,Weekday
2026-01-09 09:40:33.605828,108.10599054881843,24.36746164962917,22.59685904761674,492,42.6,1,198.8,4.8,Main Building,22.0,5.0,Weekday
2026-01-09 10:40:33.605828,115.29486371298694,21.749122777419036,21.708141334898862,452,40.4,1,408.3,2.6,Main Building,22.0,5.0,Weekday
2026-01-09 11:40:33.605828,128.3541904746523,25.555962307326247,22.703718161851015,504,43.6,1,535.4,7.0,Main Building,22.0,5.0,Weekday
2026-01-09 12:40:33.605828,123.92021126970309,26.929332389042962,23.880785239308903,328,36.5,1,364.2,5.3,Main Building,22.0,5.0,Weekday
2026-01-09 13:40:33.605828,144.1113092432625,31.367671726057225,24.705577544002857,418,33.7,1,547.8,3.7,Main Building,22.0,5.0,Holiday
2026-01-09 14:40:33.605828,118.27327456506094,29.804959721460722,24.398795529318754,350,40.2,1,700.9,10.1,Main Building,22.0,5.0,Weekday
2026-01-09 15:40:33.605828,117.34855162872446,33.44936028185208,25.669522973095827,347,41.5,1,478.6,7.8,Main Building,22.0,5.0,Holiday
2026-01-09 16:40:33.605828,118.67687931604964,34.15453170851452,25.260944904984026,464,37.9,1,333.0,6.8,Main Building,22.0,5.0,Weekday
2026-01-09 17:40:33.605828,88.80755242089701,29.901765743136735,23.377801206579264,307,48.1,1,102.6,5.7,Main Building,22.0,5.0,Weekday
2026-01-09 18:40:33.605828,84.70293920687881,28.390168234455295,23.95017027155545,414,35.7,1,107.3,3.7,Main Building,22.0,5.0,Weekday
2026-01-09 19:40:33.605828,70.13037744837236,29.920634348189893,24.054106951256998,44,55.6,1,26.8,5.5,Main Building,22.0,5.0,Holiday
2026-01-09 20:40:33.605828,78.0043781390104,27.45534999713533,23.8655724250979,46,48.4,1,0.0,5.3,Main Building,22.0,5.0,Weekday
2026-01-09 21:40:33.605828,87.14160636014459,30.440535546785075,25.06711575308884,13,47.9,1,0.0,2.7,Main Building,22.0,5.0,Weekday
2026-01-09 22:40:33.605828,165.9379266086845,25.193234437790924,23.00855281570971,71,63.5,1,0.0,3.6,Main Building,22.0,5.0,Holiday
2026-01-09 23:40:33.605828,106.59190827842176,24.097019070155145,22.408829100149305,34,60.8,1,0.0,36.5,Main Building,22.0,5.0,Weekday
2026-01-10 00:40:33.605828,38.491441436392954,20.590523422576158,21.92750543892415,0,52.6,0,0.0,6.5,Main Building,22.0,5.0,Weekend
2026-01-10 01:40:33.605828,52.70825849443695,16.519335075261008,22.990795060933323,6,61.5,1,0.0,4.9,Main Building,20.0,5.0,Weekend
2026-01-10 02:40:33.605828,44.086126650238405,17.02112819288017,22.613010538974763,19,63.1,1,0.0,2.4,Main Building,20.0,5.0,Weekend
2026-01-10 03:40:33.605828,20.224211495729975,18.94591593723633,21.652928941788975,54,60.0,0,0.0,2.6,Main Building,20.0,5.0,Weekend
2026-01-10 04:40:33.605828,34.68994505650949,17.907008862396424,22.50684649531683,40,56.1,1,0.0,9.0,Main Building,20.0,5.0,Weekend
2026-01-10 05:40:33.605828,35.874019432449025,14.790996243255892,22.985246275122382,52,53.3,1,0.0,1.8,Main Building,20.0,5.0,Weekend
2026-01-10 06:40:33.605828,30.921227803354356,19.765221534511824,23.00950578732528,32,42.8,0,0.0,8.9,Main Building,20.0,5.0,Weekend
2026-01-10 07:40:33.605828,35.63037368556712,21.781052982266587,22.141138626387455,28,37.7,0,33.7,1.1,Main Building,22.0,5.0,Weekend
2026-01-10 08:40:33.605828,24.989910247955482,18.511963072217846,23.34537772015606,30,45.2,0,53.3,6.1,Main Building,20.0,5.0,Weekend
2026-01-10 09:40:33.605828,32.47205758481318,20.16092593837876,23.03968850250681,26,38.3,0,208.4,1.5,Main Building,22.0,5.0,Weekend
2026-01-10 10:40:33.605828,46.99626737899847,24.747214705885497,23.866147017456704,36,38.0,1,297.6,9.4,Main Building,22.0,5.0,Weekend
2026-01-10 11:40:33.605828,48.85559644625452,27.310873451787522,24.09618268861433,29,39.5,1,647.5,14.5,Main Building,22.0,5.0,Weekend
2026-01-10 12:40:33.605828,61.39759174736227,29.950502517024315,24.73934827066997,0,29.0,1,521.7,7.3,Main Building,22.0,5.0,Weekend
2026-01-10 13:40:33.605828,52.14380073942986,30.41792298480725,24.347219655715435,74,36.6,1,622.7,4.2,Main Building,22.0,5.0,Weekend
2026-01-10 14:40:33.605828,57.88612872848618,30.79849347976553,24.73122059992127,24,37.6,1,593.0,16.4,Main Building,22.0,5.0,Weekend
2026-01-10 15:40:33.605828,55.7682131315895,33.39308133502026,24.926774231183657,33,34.4,1,513.6,7.0,Main Building,22.0,5.0,Weekend
2026-01-10 16:40:33.605828,46.20454099379602,31.495679069383158,23.982843615527173,49,34.2,1,391.4,11.9,Main Building,22.0,5.0,Weekend
2026-01-10 17:40:33.605828,49.39066678226133,31.54335098357372,25.421992462158887,49,41.0,1,108.8,3.9,Main Building,22.0,5.0,Weekend
2026-01-10 18:40:33.605828,48.18250244899218,33.76628337657333,25.18096959832894,30,47.5,1,148.3,2.6,Main Building,22.0,5.0,Weekend
2026-01-10 19:40:33.605828,29.155311850969767,28.161001973228636,22.832900680156655,38,48.5,1,21.9,3.0,Main Building,22.0,5.0,Weekend
2026-01-10 20:40:33.605828,51.09892650368468,29.724849818194553,23.51737535100117,40,51.4,1,0.0,2.2,Main Building,22.0,5.0,Weekend
2026-01-10 21:40:33.605828,37.60848963277524,26.434580775023086,23.210002282430526,20,46.1,1,0.0,22.6,Main Building,22.0,5.0,Weekend
2026-01-10 22:40:33.605828,48.73088443255948,25.09000798380704,23.942899832223446,40,56.6,1,0.0,7.4,Main Building,22.0,5.0,Weekend
2026-01-10 23:40:33.605828,51.57696882861519,24.682541044383605,22.356028293398303,28,63.2,1,0.0,1.1,Main Building,22.0,5.0,Weekend
2026-01-11 00:40:33.605828,36.28467029453825,18.55034539764534,22.236681659256753,13,49.8,0,0.0,3.3,Main Building,20.0,5.0,Weekend
2026-01-11 01:40:33.605828,45.4308006565687,22.548143534731974,21.3413432616707,68,57.9,0,0.0,2.8,Main Building,22.0,5.0,Weekend
2026-01-11 02:40:33.605828,50.62131695641932,15.182397273703469,22.87578980487612,28,52.8,1,0.0,3.5,Main Building,20.0,5.0,Weekend
2026-01-11 03:40:33.605828,35.266147253558024,16.42264251328214,22.53477478727618,52,55.8,1,0.0,4.6,Main Building,20.0,5.0,Weekend
2026-01-11 04:40:33.605828,13.196826500940947,20.11163727406204,22.037913323436623,19,63.6,0,0.0,2.4,Main Building,22.0,5.0,Weekend
2026-01-11 05:40:33.605828,21.94423377539492,19.91329405836845,22.254233745786614,29,56.2,0,0.0,10.2,Main Building,20.0,5.0,Weekend
2026-01-11 06:40:33.605828,31.908498632502912,17.287434418402828,23.06158264410058,0,35.3,1,0.0,2.9,Main Building,20.0,5.0,Weekend
2026-01-11 07:40:33.605828,34.81816497737861,15.368282258505609,23.55622404005645,22,52.8,1,29.5,16.3,Main Building,20.0,5.0,Weekend
2026-01-11 08:40:33.605828,30.788629136518495,19.99362966625557,21.897986674184786,28,45.9,0,123.7,2.4,Main Building,20.0,5.0,Weekend
2026-01-11 09:40:33.605828,25.473869567099875,19.402327464005424,21.942906980756874,0,44.7,0,132.5,4.8,Main Building,20.0,5.0,Weekend
2026-01-11 10:40:33.605828,41.87481175246181,25.63631336411132,23.299647710093282,28,39.2,1,253.2,5.6,Main Building,22.0,5.0,Weekend
2026-01-11 11:40:33.605828,46.75816587932791,26.12712965011428,23.424106384288322,0,42.9,1,576.9,2.3,Main Building,22.0,5.0,Weekend
2026-01-11 12:40:33.605828,57.00398540838912,30.42129820006579,23.222214951297566,44,34.4,1,530.7,5.3,Main Building,22.0,5.0,Weekend
2026-01-11 13:40:33.605828,59.7175199795947,29.486166504845205,23.719723632134635,76,39.0,1,399.7,14.0,Main Building,22.0,5.0,Weekend
2026-01-11 14:40:33.605828,58.63985558519424,31.710396489224774,24.165691284637838,13,35.6,1,689.8,16.2,Main Building,22.0,5.0,Weekend
2026-01-11 15:40:33.605828,43.381055177003404,29.660478208082722,24.144828733846712,0,39.8,1,428.5,5.6,Main Building,22.0,5.0,Weekend
2026-01-11 16:40:33.605828,61.547134736539896,33.21266546316126,25.847891904438665,90,51.3,1,425.9,3.8,Main Building,22.0,5.0,Weekend
2026-01-11 17:40:33.605828,53.26550226083457,35.08116257876502,26.221648365907377,44,41.1,1,202.2,1.7,Main Building,22.0,5.0,Weekend
2026-01-11 18:40:33.605828,37.67442841170311,33.51816209345617,25.389098247531265,39,46.2,1,74.1,6.2,Main Building,22.0,5.0,Weekend
2026-01-11 19:40:33.605828,30.077958738704623,28.19066923650913,24.936218164324348,37,54.5,1,28.4,6.3,Main Building,22.0,5.0,Weekend
2026-01-11 20:40:33.605828,40.772227805549974,27.6390398228795,24.338054937075697,55,55.8,1,0.0,1.9,Main Building,22.0,5.0,Weekend
2026-01-11 21:40:33.605828,37.62387344106881,25.38030697586285,22.988224182888878,0,66.8,1,0.0,14.0,Main Building,22.0,5.0,Weekend
2026-01-11 22:40:33.605828,47.865473970837826,27.10277351819042,22.557941302439836,39,56.5,1,0.0,15.1,Main Building,22.0,5.0,Weekend
2026-01-11 23:40:33.605828,46.47909843674152,21.70268246839991,22.745133047931457,46,53.3,0,0.0,6.2,Main Building,22.0,5.0,Weekend
2026-01-12 00:40:33.605828,94.94588921600807,18.988142584336437,22.073356251069857,0,60.5,0,0.0,5.9,Main Building,20.0,5.0,Weekday
2026-01-12 01:40:33.605828,95.9805179467217,19.89629972409543,21.506270352307137,48,70.1,0,0.0,18.2,Main Building,20.0,5.0,Weekday
2026-01-12 02:40:33.605828,93.3894877531522,14.907893506923411,23.41638109525585,34,55.8,1,0.0,6.3,Main Building,20.0,5.0,Weekday
2026-01-12 03:40:33.605828,97.4537492082251,16.478116170817867,23.308581683086686,65,46.8,1,0.0,4.9,Main Building,20.0,5.0,Weekday
2026-01-12 04:40:33.605828,78.56653485139402,13.229187740345417,23.640621721064285,16,47.1,1,0.0,17.0,Main Building,20.0,5.0,Holiday
2026-01-12 05:40:33.605828,65.57830922815839,16.06600109698595,22.5690267908261,14,49.5,1,0.0,2.7,Main Building,20.0,5.0,Weekday
2026-01-12 06:40:33.605828,59.93068447579152,16.94491543230965,21.973366058123318,78,59.1,1,0.0,4.0,Main Building,20.0,5.0,Weekday
2026-01-12 07:40:33.605828,69.40550528761459,14.581569583554064,23.132827376125206,39,42.0,1,34.9,6.7,Main Building,20.0,5.0,Holiday
2026-01-12 08:40:33.605828,96.87026528745703,16.960270809126605,22.27128120869367,439,46.6,1,135.7,9.4,Main Building,20.0,5.0,Weekday
2026-01-12 09:40:33.605828,102.45253069397127,21.6939760072289,21.53610598660677,499,45.0,1,103.7,2.8,Main Building,22.0,5.0,Weekday
2026-01-12 10:40:33.605828,110.42390941769611,23.494544809690275,22.6514138573794,374,40.1,1,244.3,7.4,Main Building,22.0,5.0,Weekday
2026-01-12 11:40:33.605828,117.42331310763353,28.43007202498963,24.456651212645998,320,36.7,1,492.6,6.4,Main Building,22.0,5.0,Weekday
2026-01-12 12:40:33.605828,133.90754178230023,29.140141878571896,24.58391315031453,403,34.3,1,369.1,5.0,Main Building,22.0,5.0,Weekday
2026-01-12 13:40:33.605828,132.70431256566175,30.926685943725715,24.94744855264267,345,30.2,1,654.1,5.2,Main Building,22.0,5.0,Weekday
2026-01-12 14:40:33.605828,124.08512256358223,30.799390673312356,24.581192836707796,361,37.6,1,278.5,5.9,Main Building,22.0,5.0,Weekday
2026-01-12 15:40:33.605828,97.1289967308557,28.797075347762352,24.12226143744856,422,35.8,1,584.8,5.6,Main Building,22.0,5.0,Weekday
2026-01-12 16:40:33.605828,100.24189266657281,35.005770433190015,25.799180222232334,296,45.2,1,480.8,9.3,Main Building,22.0,5.0,Weekday
2026-01-12 17:40:33.605828,85.73776374366673,29.899356268024896,25.100357389733453,320,45.9,1,272.3,2.7,Main Building,22.0,5.0,Weekday
2026-01-12 18:40:33.605828,86.71168952167552,31.997045928099237,24.48787624927436,324,31.8,1,95.0,7.5,Main Building,22.0,5.0,Weekday
2026-01-12 19:40:33.605828,61.82341001237218,27.403189507320672,23.968031070612444,1,45.5,1,15.5,6.5,Main Building,22.0,5.0,Weekday
2026-01-12 20:40:33.605828,71.96289441999568,26.37539838626472,23.663369483255185,21,50.8,1,0.0,3.0,Main Building,22.0,5.0,Weekday
2026-01-12 21:40:33.605828,93.94014597450266,26.341579018634906,22.637634562870357,0,59.4,1,0.0,1.5,Main Building,22.0,5.0,Weekday
2026-01-12 22:40:33.605828,100.79076297067425,29.604959752270872,24.602122166420003,16,48.8,1,0.0,1.5,Main Building,22.0,5.0,Weekday
2026-01-12 23:40:33.605828,98.04810561569428,21.51453043058448,21.51655363995617,78,58.2,0,0.0,3.6,Main Building,22.0,5.0,Weekday
2026-01-13 00:40:33.605828,105.50341355630226,19.33341984051671,22.171514988521366,28,58.3,0,0.0,3.0,Main Building,20.0,5.0,Weekday
2026-01-13 01:40:33.605828,99.20581722594926,18.368044592342578,22.846247058710023,24,58.9,0,0.0,11.3,Main Building,20.0,5.0,Holiday
2026-01-13 02:40:33.605828,119.0051258351568,14.132670123823226,23.698109032442385,42,62.8,1,0.0,5.3,Main Building,20.0,5.0,Weekday
2026-01-13 03:40:33.605828,81.0683197716192,18.2541388699648,22.586605516835807,20,52.2,0,0.0,7.9,Main Building,20.0,5.0,Weekday
2026-01-13 04:40:33.605828,89.69426239732712,12.065645700526723,24.669205881656737,76,49.5,1,0.0,13.5,Main Building,20.0,5.0,Weekday
2026-01-13 05:40:33.605828,76.51641835612992,14.506233261368171,24.271407052173117,76,41.5,1,0.0,8.7,Main Building,20.0,5.0,Weekday
2026-01-13 06:40:33.605828,49.50859523680158,18.812462690732445,22.96311898560258,18,46.7,0,0.0,19.2,Main Building,20.0,5.0,Weekday
2026-01-13 07:40:33.605828,51.59874920613562,19.74715063602825,23.384635656103896,39,40.1,0,24.9,7.4,Main Building,20.0,5.0,Weekday
2026-01-13 08:40:33.605828,79.63657719748511,22.05553705698291,21.823949269627153,375,36.8,1,116.8,4.5,Main Building,22.0,5.0,Weekday
2026-01-13 09:40:33.605828,101.55950405292404,24.859514671777887,22.796729360974254,463,38.4,1,93.5,4.3,Main Building,22.0,5.0,Weekday
2026-01-13 10:40:33.605828,118.72588273597006,24.748904881320716,22.8787384681559,478,39.5,1,264.2,3.9,Main Building,22.0,5.0,Holiday
2026-01-13 11:40:33.605828,128.54397029828297,26.838130480080345,22.467637818259576,490,35.9,1,409.9,6.3,Main Building,22.0,5.0,Weekday
2026-01-13 12:40:33.605828,129.65749542893124,27.4376472348247,22.28269889419223,341,34.7,1,708.3,1.0,Main Building,22.0,5.0,Weekday
2026-01-13 13:40:33.605828,130.96846314456124,30.534905239773533,24.28616149010746,316,35.7,1,549.2,4.0,Main Building,22.0,5.0,Weekday
2026-01-13 14:40:33.605828,129.65698935075545,34.782696814841955,25.59196422115339,337,26.8,1,523.4,3.5,Main Building,22.0,5.0,Weekday
2026-01-13 15:40:33.605828,117.30121635711146,32.81445060987802,24.561095015104776,484,28.5,1,558.0,4.4,Main Building,22.0,5.0,Weekday
2026-01-13 16:40:33.605828,103.68448105173576,32.25903082611566,25.48566721700581,424,33.9,1,396.0,2.9,Main Building,22.0,5.0,Weekday
2026-01-13 17:40:33.605828,85.15516599856737,30.815393852117317,25.15857557294645,364,38.1,1,136.2,0.9,Main Building,22.0,5.0,Weekday
2026-01-13 18:40:33.605828,91.22752235691573,34.77164454593365,25.793648874847182,326,39.6,1,145.0,25.5,Main Building,22.0,5.0,Weekday
2026-01-13 19:40:33.605828,59.86435639833706,28.275142655573656,23.970329142443216,9,39.3,1,16.0,3.2,Main Building,22.0,5.0,Weekday
2026-01-13 20:40:33.605828,176.1364054295406,27.417120980065715,23.957762348769986,42,41.7,1,0.0,4.6,Main Building,22.0,5.0,Weekday
2026-01-13 21:40:33.605828,75.74970371111155,22.080504149166863,22.530220669502135,10,58.2,0,0.0,7.2,Main Building,22.0,5.0,Weekday
2026-01-13 22:40:33.605828,85.4427370702328,23.35880505548702,22.266797750940942,1,63.4,0,0.0,21.1,Main Building,22.0,5.0,Weekday
2026-01-13 23:40:33.605828,99.21889071176837,23.24832273226183,23.464264060266625,21,61.6,0,0.0,4.2,Main Building,22.0,5.0,Weekday
2026-01-14 00:40:33.605828,95.38277264745055,19.86483548151743,22.312768562624818,40,66.7,0,0.0,5.8,Main Building,20.0,5.0,Weekday
2026-01-14 01:40:33.605828,114.30289548256052,15.16121813365086,23.586698083938415,50,58.1,1,0.0,9.4,Main Building,20.0,5.0,Holiday
2026-01-14 02:40:33.605828,95.1985524618558,17.244105507057736,22.890292918585434,0,50.9,1,0.0,3.5,Main Building,20.0,5.0,Weekday
2026-01-14 03:40:33.605828,89.56372694505693,15.63123061056633,23.018938829232166,38,52.1,1,0.0,5.5,Main Building,20.0,5.0,Weekday
2026-01-14 04:40:33.605828,72.79864942516825,16.481969070253783,22.784683295399795,7,53.8,1,0.0,3.8,Main Building,20.0,5.0,Weekday
2026-01-14 05:40:33.605828,61.66665714735491,16.093982279732657,24.136132313725867,38,53.4,1,0.0,4.1,Main Building,20.0,5.0,Weekday
2026-01-14 06:40:33.605828,68.35048891701524,11.454489527408882,24.347773207505583,82,47.4,1,0.0,3.9,Main Building,20.0,5.0,Weekday
2026-01-14 07:40:33.605828,56.25302131606054,19.752837021591514,21.856081981312073,33,39.5,0,38.9,7.6,Main Building,20.0,5.0,Weekday
2026-01-14 08:40:33.605828,84.62134037708304,20.805205990554068,21.990205320819495,319,45.6,1,149.0,10.7,Main Building,22.0,5.0,Weekday
2026-01-14 09:40:33.605828,95.39056843677587,22.81179560714649,22.3792900164525,485,40.0,1,228.3,3.3,Main Building,22.0,5.0,Weekday
2026-01-14 10:40:33.605828,111.76215911777085,23.274400299052598,21.443362812237574,303,37.6,1,183.9,1.9,Main Building,22.0,5.0,Weekday
2026-01-14 11:40:33.605828,123.95848778869977,25.625905802808862,22.88666934314456,392,37.4,1,454.5,4.3,Main Building,22.0,5.0,Weekday
2026-01-14 12:40:33.605828,129.77969568838273,26.46960503221125,23.755920467098264,442,40.5,1,636.2,9.7,Main Building,22.0,5.0,Weekday
2026-01-14 13:40:33.605828,134.8215486204376,29.98995134061265,23.826221852795832,460,35.9,1,604.0,25.8,Main Building,22.0,5.0,Weekday
2026-01-14 14:40:33.605828,125.85335580641058,34.71470811878956,25.703084019903113,336,29.2,1,343.9,2.7,Main Building,22.0,5.0,Weekday
2026-01-14 15:40:33.605828,117.16097503154387,30.773631812247707,24.51811633084693,481,30.4,1,477.3,10.4,Main Building,22.0,5.0,Weekday
2026-01-14 16:40:33.605828,95.83188473413297,30.67254840702517,24.32755828329586,268,40.5,1,447.2,6.4,Main Building,22.0,5.0,Weekday
2026-01-14 17:40:33.605828,93.2330808162002,29.63312346562119,24.224048289397565,474,38.4,1,243.3,4.6,Main Building,22.0,5.0,Weekday
2026-01-14 18:40:33.605828,88.3042436075242,31.087752634185303,25.58080814629765,405,50.3,1,99.0,2.0,Main Building,22.0,5.0,Weekday
2026-01-14 19:40:33.605828,76.14954325122245,28.100029136958725,23.77724133415074,16,54.1,1,18.9,5.5,Main Building,22.0,5.0,Weekday
2026-01-14 20:40:33.605828,76.31481950841922,28.108444700306077,23.57338938834565,19,50.4,1,0.0,5.4,Main Building,22.0,5.0,Weekday
2026-01-14 21:40:33.605828,67.26702267949594,22.05309284903544,21.754088743499608,0,55.3,0,0.0,0.6,Main Building,22.0,5.0,Weekday
2026-01-14 22:40:33.605828,86.42199987322,22.36449252930579,22.151802497655215,17,60.5,0,0.0,7.6,Main Building,22.0,5.0,Weekday
2026-01-14 23:40:33.605828,95.40256093615751,22.516764935348007,22.373690871699267,46,63.6,0,0.0,1.3,Main Building,22.0,5.0,Weekday
2026-01-15 00:40:33.605828,105.89386657252146,18.391532089213026,23.638244734288932,7,55.0,0,0.0,5.8,Main Building,20.0,5.0,Holiday
2026-01-15 01:40:33.605828,100.9928975788518,20.50002954082155,23.238730363661524,48,51.3,0,0.0,6.3,Main Building,22.0,5.0,Weekday
2026-01-15 02:40:33.605828,92.94982333494784,16.756644472987407,22.18847937300157,97,48.4,1,0.0,21.4,Main Building,20.0,5.0,Holiday
2026-01-15 03:40:33.605828,89.82038394047026,15.423106673640127,24.167613232479948,10,51.4,1,0.0,6.1,Main Building,20.0,5.0,Weekday
2026-01-15 04:40:33.605828,75.2705317218381,13.240858207200496,23.92331507589995,12,53.3,1,0.0,4.1,Main Building,20.0,5.0,Holiday
2026-01-15 05:40:33.605828,77.61397447733431,14.129213054710398,24.62950744223685,25,46.4,1,0.0,5.3,Main Building,20.0,5.0,Weekday
2026-01-15 06:40:33.605828,65.55883244972279,15.798329965286275,23.677897871169883,43,43.1,1,0.0,39.3,Main Building,20.0,5.0,Weekday
2026-01-15 07:40:33.605828,63.37412727893635,16.58632673657864,23.45134380625092,0,44.6,1,33.4,2.4,Main Building,20.0,5.0,Weekday
2026-01-15 08:40:33.605828,95.2381580478772,18.552547851962117,22.444043191272353,365,36.4,1,148.9,0.8,Main Building,20.0,5.0,Weekday
2026-01-15 09:40:33.605828,187.00689490605754,21.010943064826424,21.25242631897281,298,53.8,1,199.0,2.9,Main Building,22.0,5.0,Weekday
2026-01-15 10:40:33.605828,114.30919632390786,21.764833360812673,21.474077596877024,393,43.5,1,431.2,6.4,Main Building,22.0,5.0,Weekday
2026-01-15 11:40:33.605828,116.41990464332507,24.701449107546175,22.2108819362706,284,41.2,1,325.8,4.5,Main Building,22.0,5.0,Weekday
2026-01-15 12:40:33.605828,124.43896230475234,23.03108147816429,22.618635815578305,424,32.3,1,710.5,20.4,Main Building,22.0,5.0,Weekday
2026-01-15 13:40:33.605828,124.63685887549474,27.84036299056866,23.99370694145307,313,33.6,1,498.5,6.0,Main Building,22.0,5.0,Weekday
2026-01-15 14:40:33.605828,125.25587095384678,28.92810322520661,23.709677561761673,405,40.4,1,583.6,9.9,Main Building,22.0,5.0,Weekday
2026-01-15 15:40:33.605828,106.57060475630016,29.461442457743367,24.805600972430337,348,44.2,1,611.6,8.2,Main Building,22.0,5.0,Weekday
2026-01-15 16:40:33.605828,101.25027070874914,31.936267313768454,24.89567605309458,369,41.1,1,146.7,1.2,Main Building,22.0,5.0,Weekday
2026-01-15 17:40:33.605828,103.74585941136513,31.013419496816173,24.677099219741912,429,46.2,1,293.2,19.4,Main Building,22.0,5.0,Weekday
2026-01-15 18:40:33.605828,70.76057268603851,26.209753564248697,23.306353131992797,324,50.8,1,146.1,1.5,Main Building,22.0,5.0,Weekday
2026-01-15 19:40:33.605828,71.65527501744953,25.72938897575433,22.77325206584503,49,42.4,1,13.6,1.6,Main Building,22.0,5.0,Weekday
2026-01-15 20:40:33.605828,79.74906966325196,29.0141031776124,23.788699435417087,53,42.8,1,0.0,2.6,Main Building,22.0,5.0,Weekday
2026-01-15 21:40:33.605828,81.01707070167704,23.162443739859807,21.883599975051688,59,49.4,0,0.0,5.8,Main Building,22.0,5.0,Weekday
2026-01-15 22:40:33.605828,82.82094050540164,22.245003256871748,22.413520688551046,46,53.6,0,0.0,9.1,Main Building,22.0,5.0,Weekday
2026-01-15 23:40:33.605828,101.67193552517773,22.528000416081817,21.35467013878762,15,57.4,0,0.0,7.9,Main Building,22.0,5.0,Weekday
2026-01-16 00:40:33.605828,100.54443234793104,18.199542257735143,24.08168698416013,8,58.8,0,0.0,0.7,Main Building,20.0,5.0,Weekday
2026-01-16 01:40:33.605828,121.50167447908666,13.247446231610907,23.313063360139658,63,48.7,1,0.0,5.4,Main Building,20.0,5.0,Weekday
2026-01-16 02:40:33.605828,99.41118981698074,15.89536725622767,23.365437376443698,0,58.1,1,0.0,0.6,Main Building,20.0,5.0,Weekday
2026-01-16 03:40:33.605828,95.40169608839072,13.68968606707777,24.258137871209232,66,53.4,1,0.0,15.7,Main Building,20.0,5.0,Weekday
2026-01-16 04:40:33.605828,88.40974131452022,13.41405688263994,24.125496872001076,87,45.0,1,0.0,11.8,Main Building,20.0,5.0,Weekday
2026-01-16 05:40:33.605828,66.76094504343561,14.300819605958914,22.787109840069608,40,46.3,1,0.0,15.3,Main Building,20.0,5.0,Weekday
2026-01-16 06:40:33.605828,59.23469517556239,16.11437844051436,23.900023844450256,0,48.9,1,0.0,2.7,Main Building,20.0,5.0,Weekday
2026-01-16 07:40:33.605828,60.54277743617577,15.146667201768183,23.62722477007234,47,40.5,1,21.4,3.0,Main Building,20.0,5.0,Weekday
2026-01-16 08:40:33.605828,86.01472770712974,18.649721135565766,22.349705625127722,385,41.9,1,110.0,2.4,Main Building,20.0,5.0,Holiday
2026-01-16 09:40:33.605828,100.65407443154064,15.997407253314229,23.85383903256682,402,36.0,1,101.6,4.9,Main Building,20.0,5.0,Weekday
2026-01-16 10:40:33.605828,120.90133285999288,20.590848499570065,23.201117641030326,499,41.1,1,454.9,14.9,Main Building,22.0,5.0,Weekday
2026-01-16 11:40:33.605828,119.56506418900291,20.834716398701058,23.01877452030578,447,33.8,1,493.4,2.1,Main Building,22.0,5.0,Weekday
2026-01-16 12:40:33.605828,120.64781109107979,22.280193984463374,21.438847603828172,340,36.5,1,403.8,1.5,Main Building,22.0,5.0,Weekday
2026-01-16 13:40:33.605828,172.42947605798128,26.920698811154764,24.313588320599976,448,33.0,1,371.0,4.0,Main Building,22.0,5.0,Weekday
2026-01-16 14:40:33.605828,127.25232881790588,30.48265313298027,25.129261131087574,444,27.3,1,250.3,7.9,Main Building,22.0,5.0,Weekday
2026-01-16 15:40:33.605828,122.52919892822112,33.033437062207035,26.26600460015998,376,34.0,1,611.2,13.4,Main Building,22.0,5.0,Weekday
2026-01-16 16:40:33.605828,112.07935673138142,32.42952518153363,25.114196175512554,467,34.2,1,277.5,1.0,Main Building,22.0,5.0,Weekday
2026-01-16 17:40:33.605828,84.54040346957252,30.956771693895657,24.381030192905992,283,38.0,1,263.0,6.1,Main Building,22.0,5.0,Weekday
2026-01-16 18:40:33.605828,84.27194571407712,30.171860366030643,23.753111930474148,404,43.9,1,119.4,15.7,Main Building,22.0,5.0,Weekday
2026-01-16 19:40:33.605828,71.73157491434047,26.796974329654628,23.34930561092687,25,37.5,1,36.5,4.0,Main Building,22.0,5.0,Weekday
2026-01-16 20:40:33.605828,76.97900008422917,26.204972070252403,22.928741790621935,30,50.9,1,0.0,2.4,Main Building,22.0,5.0,Weekday
2026-01-16 21:40:33.605828,79.24133982211066,20.86383557392669,21.840679178303247,19,60.6,0,0.0,5.2,Main Building,22.0,5.0,Weekday
2026-01-16 22:40:33.605828,84.24288110233617,19.008586508147733,23.06640818066507,18,61.2,0,0.0,3.4,Main Building,20.0,5.0,Weekday
2026-01-16 23:40:33.605828,101.48996646522797,16.076340825754137,23.361654219661503,12,59.0,1,0.0,4.5,Main Building,20.0,5.0,Weekday
2026-01-17 00:40:33.605828,50.00276604377096,16.92038650316621,22.90363500416744,0,68.9,1,0.0,20.5,Main Building,20.0,5.0,Weekend
2026-01-17 01:40:33.605828,53.09133605752627,16.727718130610658,21.614527733101866,0,66.8,1,0.0,31.2,Main Building,20.0,5.0,Weekend
2026-01-17 02:40:33.605828,51.31154130398966,12.048888751670539,24.513525922640753,62,54.8,1,0.0,7.5,Main Building,20.0,5.0,Weekend
2026-01-17 03:40:33.605828,48.46398603450898,13.907504221168947,23.381248064949663,45,52.1,1,0.0,0.5,Main Building,20.0,5.0,Weekend
2026-01-17 04:40:33.605828,55.850703067238086,9.728584229920337,24.40456184460019,46,51.8,1,0.0,21.2,Main Building,20.0,5.0,Weekend
2026-01-17 05:40:33.605828,41.14869388548926,9.60097574508744,24.077730381263393,69,47.9,1,0.0,9.2,Main Building,20.0,5.0,Weekend
2026-01-17 06:40:33.605828,47.732794719112796,12.449530215010402,24.66700428558668,67,46.5,1,0.0,3.7,Main Building,20.0,5.0,Weekend
2026-01-17 07:40:33.605828,31.234981536353708,15.924742965137067,23.931036064076796,54,52.5,1,38.0,7.8,Main Building,20.0,5.0,Weekend
2026-01-17 08:40:33.605828,53.42242547561138,14.639016138575643,24.189036957941003,16,45.5,1,127.5,2.0,Main Building,20.0,5.0,Weekend
2026-01-17 09:40:33.605828,33.62569238719409,19.778858991034703,22.968490736056143,25,47.1,0,119.6,1.3,Main Building,20.0,5.0,Weekend
2026-01-17 10:40:33.605828,27.89801514107593,18.201817235036067,21.81371926959457,60,39.4,0,357.5,3.1,Main Building,20.0,5.0,Weekend
2026-01-17 11:40:33.605828,42.63334663828519,25.493323698961262,23.207785311557938,39,43.4,1,386.0,8.8,Main Building,22.0,5.0,Weekend
2026-01-17 12:40:33.605828,49.683536028048174,27.421559002105816,23.525421710704375,38,46.5,1,447.4,5.9,Main Building,22.0,5.0,Weekend
2026-01-17 13:40:33.605828,50.59483786227929,27.901105456874944,23.519315251281242,22,48.7,1,302.8,2.1,Main Building,22.0,5.0,Weekend
2026-01-17 14:40:33.605828,140.5350552896687,27.73952914720142,23.668679589923343,55,38.4,1,557.9,8.5,Main Building,22.0,5.0,Weekend
2026-01-17 15:40:33.605828,44.596578946896166,28.412813598366846,24.05311383178153,27,39.8,1,445.6,7.1,Main Building,22.0,5.0,Weekend
2026-01-17 16:40:33.605828,31.331006982457403,30.024443451499977,24.085967056231286,34,40.4,1,476.4,0.5,Main Building,22.0,5.0,Weekend
2026-01-17 17:40:33.605828,39.105626738141886,27.74071761016342,23.456345460781023,0,43.0,1,135.6,7.0,Main Building,22.0,5.0,Weekend
2026-01-17 18:40:33.605828,106.14927195145243,29.40418297567306,24.6072605911002,22,44.4,1,150.5,14.8,Main Building,22.0,5.0,Weekend
2026-01-17 19:40:33.605828,17.027568464180757,23.984000344878677,22.230519443864527,28,37.4,0,33.1,5.2,Main Building,22.0,5.0,Weekend
2026-01-17 20:40:33.605828,29.80401616817589,22.946245207607458,22.33674892825482,72,50.2,0,0.0,3.6,Main Building,22.0,5.0,Weekend
2026-01-17 21:40:33.605828,28.865751506431742,22.569262563512723,22.011292902813793,8,54.2,0,0.0,2.7,Main Building,22.0,5.0,Weekend
2026-01-17 22:40:33.605828,38.835538250722095,19.032193657183075,23.05506175434626,53,61.2,0,0.0,4.3,Main Building,20.0,5.0,Weekend
2026-01-17 23:40:33.605828,38.736266198509156,17.138064000517545,22.417001411078093,50,47.3,1,0.0,1.2,Main Building,20.0,5.0,Weekend
2026-01-18 00:40:33.605828,48.389776526680535,14.33768802375755,23.722355954924737,36,59.6,1,0.0,1.8,Main Building,20.0,5.0,Weekend
2026-01-18 01:40:33.605828,51.527221885913534,16.220880253800022,22.01388146068776,46,60.8,1,0.0,6.1,Main Building,20.0,5.0,Weekend
2026-01-18 02:40:33.605828,61.93502067860683,9.398477192648249,25.198602118181846,61,48.3,1,0.0,22.9,Main Building,20.0,5.0,Weekend
2026-01-18 03:40:33.605828,47.67883218300314,11.559469983122428,23.707993146185686,47,50.8,1,0.0,8.5,Main Building,20.0,5.0,Weekend
2026-01-18 04:40:33.605828,48.19825242857419,12.718005721566406,23.488382785014473,64,51.7,1,0.0,13.0,Main Building,20.0,5.0,Weekend
2026-01-18 05:40:33.605828,47.24118402629215,10.200307953667586,24.906639548821783,14,56.3,1,0.0,3.7,Main Building,20.0,5.0,Weekend
2026-01-18 06:40:33.605828,46.229933629403874,13.814539892793574,24.65565998704812,43,46.0,1,0.0,2.5,Main Building,20.0,5.0,Weekend
2026-01-18 07:40:33.605828,35.07447945015589,13.671135534656532,23.151584475938343,61,38.4,1,35.1,2.1,Main Building,20.0,5.0,Weekend
2026-01-18 08:40:33.605828,42.43877686405658,15.312876497500842,22.608373601556547,38,39.9,1,89.1,5.7,Main Building,20.0,5.0,Weekend
2026-01-18 09:40:33.605828,34.60468724103015,17.76555970015807,23.38372149495177,46,57.1,1,110.5,7.2,Main Building,20.0,5.0,Weekend
2026-01-18 10:40:33.605828,45.449647031003515,17.353966965584064,23.205582716005175,53,46.9,1,345.8,9.1,Main Building,20.0,5.0,Weekend
2026-01-18 11:40:33.605828,39.11429625968252,21.632741118575975,22.653425270032972,6,41.6,0,484.0,9.2,Main Building,22.0,5.0,Weekend
2026-01-18 12:40:33.605828,43.71113835464514,23.89252049358453,22.02658989689694,33,34.8,0,469.6,0.9,Main Building,22.0,5.0,Weekend
2026-01-18 13:40:33.605828,48.23713245365907,25.702537838964055,22.564105777054074,52,33.1,1,371.0,0.5,Main Building,22.0,5.0,Weekend
2026-01-18 14:40:33.605828,44.22083538828569,27.855484267344753,23.65546327227571,13,31.1,1,645.3,2.9,Main Building,22.0,5.0,Weekend
2026-01-18 15:40:33.605828,40.664774539530015,26.264823450718033,23.535340406301877,22,38.9,1,530.4,5.9,Main Building,22.0,5.0,Weekend
2026-01-18 16:40:33.605828,34.21008541170577,23.820948778092273,22.53971745220261,71,43.6,0,447.0,19.9,Main Building,22.0,5.0,Weekend
2026-01-18 17:40:33.605828,28.928245455531187,25.185400305552577,24.053889182229522,16,48.0,1,157.8,12.5,Main Building,22.0,5.0,Weekend
2026-01-18 18:40:33.605828,28.76949189962709,27.391766357340952,23.208909980679746,63,46.9,1,130.4,5.6,Main Building,22.0,5.0,Weekend
2026-01-18 19:40:33.605828,32.44412286774266,25.277928659345953,23.121793699737612,78,43.0,1,26.6,0.4,Main Building,22.0,5.0,Weekend
2026-01-18 20:40:33.605828,31.04779249201397,21.430923654799937,22.34114185272884,2,53.0,0,0.0,0.4,Main Building,22.0,5.0,Weekend
2026-01-18 21:40:33.605828,28.70358073346255,19.89320337540859,22.43519660369457,25,54.4,0,0.0,9.6,Main Building,20.0,5.0,Weekend
2026-01-18 22:40:33.605828,43.2349994435191,17.45714889432169,22.089135279560566,21,60.8,1,0.0,3.9,Main Building,20.0,5.0,Weekend
2026-01-18 23:40:33.605828,37.342966412939354,18.781139532611984,22.460571147872432,52,52.7,0,0.0,9.4,Main Building,20.0,5.0,Weekend
2026-01-19 00:40:33.605828,116.8273909254059,12.30682991719205,23.568897657495423,26,53.9,1,0.0,4.0,Main Building,20.0,5.0,Weekday
2026-01-19 01:40:33.605828,117.73360584458592,10.78626396240607,24.458486511042484,11,53.9,1,0.0,34.5,Main Building,20.0,5.0,Weekday
2026-01-19 02:40:33.605828,119.16998761114785,7.297611620378029,24.75064066164998,22,52.4,1,0.0,5.5,Main Building,20.0,5.0,Weekday
2026-01-19 03:40:33.605828,97.53267541605065,9.453983745966054,23.805762858860792,57,50.0,1,0.0,10.4,Main Building,20.0,5.0,Weekday
2026-01-19 04:40:33.605828,84.30812667365535,11.126025197535798,24.26280066413153,41,52.1,1,0.0,4.0,Main Building,20.0,5.0,Weekday
2026-01-19 05:40:33.605828,82.76078485633634,7.838183755959783,25.26039635752376,0,52.6,1,0.0,14.1,Main Building,20.0,5.0,Weekday
2026-01-19 06:40:33.605828,82.92510885105601,8.980112994802212,24.142178567565317,54,44.2,1,0.0,7.1,Main Building,20.0,5.0,Weekday
2026-01-19 07:40:33.605828,60.45450227293379,15.02417856128707,22.859933885558192,44,50.2,1,38.3,5.1,Main Building,20.0,5.0,Weekday
2026-01-19 08:40:33.605828,93.7164843661235,14.715535690468359,23.198275112750498,395,43.7,1,73.7,1.1,Main Building,20.0,5.0,Weekday
2026-01-19 09:40:33.605828,109.6292889591518,14.703986387860555,23.36188490511919,307,38.6,1,104.8,18.5,Main Building,20.0,5.0,Weekday
2026-01-19 10:40:33.605828,111.93609795451447,19.50772713482,22.58411753125361,369,40.2,1,325.3,0.8,Main Building,20.0,5.0,Weekday
2026-01-19 11:40:33.605828,119.95931584017434,18.75552440577507,22.237317982585434,376,42.8,1,329.4,1.9,Main Building,20.0,5.0,Weekday
2026-01-19 12:40:33.605828,127.21585881717546,23.32083077295678,22.388264848066274,419,44.6,1,533.7,12.0,Main Building,22.0,5.0,Weekday
2026-01-19 13:40:33.605828,115.19357922713256,22.36529729345517,22.34144028302528,517,36.3,1,512.3,3.9,Main Building,22.0,5.0,Weekday
2026-01-19 14:40:33.605828,118.69715802191705,19.98150482951454,23.5869710919719,480,37.4,1,604.6,11.8,Main Building,20.0,5.0,Weekday
2026-01-19 15:40:33.605828,109.33663302260476,29.1780463693936,24.524083414922494,302,42.1,1,236.6,8.7,Main Building,22.0,5.0,Holiday
2026-01-19 16:40:33.605828,94.4007527344175,27.856889202627976,24.600493155183113,344,39.5,1,390.1,2.3,Main Building,22.0,5.0,Weekday
2026-01-19 17:40:33.605828,79.15197399702112,25.112639250371377,22.780530851238705,478,41.0,1,273.3,4.1,Main Building,22.0,5.0,Weekday
2026-01-19 18:40:33.605828,74.47812552925002,24.41287709497299,22.578633501905987,451,46.8,1,75.1,3.8,Main Building,22.0,5.0,Weekday
2026-01-19 19:40:33.605828,67.26983836919051,26.295017766608492,23.34145666947942,8,53.9,1,24.6,4.5,Main Building,22.0,5.0,Weekday
2026-01-19 20:40:33.605828,66.44972933941824,21.734912066464208,21.83037520789641,17,62.8,0,0.0,7.8,Main Building,22.0,5.0,Weekday
2026-01-19 21:40:33.605828,80.69485820527254,21.02017249404243,22.504219906211095,47,57.2,0,0.0,10.0,Main Building,22.0,5.0,Holiday
2026-01-19 22:40:33.605828,84.48021240244165,18.700266660185147,21.967993819023704,30,54.4,0,0.0,12.1,Main Building,20.0,5.0,Weekday
2026-01-19 23:40:33.605828,96.73014405171158,17.928178535250613,23.03728324416038,39,63.7,1,0.0,5.1,Main Building,20.0,5.0,Weekday
2026-01-20 00:40:33.605828,119.99882735580532,13.332339228455998,22.956427289900756,39,51.0,1,0.0,5.9,Main Building,20.0,5.0,Holiday
2026-01-20 01:40:33.605828,118.68935279784517,10.806115109440324,23.948770480025157,39,57.0,1,0.0,1.6,Main Building,20.0,5.0,Weekday
2026-01-20 02:40:33.605828,124.31632471623136,8.357651207590326,24.175455941017592,0,50.3,1,0.0,2.2,Main Building,20.0,5.0,Weekday
2026-01-20 03:40:33.605828,117.63296192653529,5.630048855652788,25.195709705558325,25,53.8,1,0.0,3.8,Main Building,20.0,5.0,Holiday
2026-01-20 04:40:33.605828,87.38981814208918,11.225851985365757,24.21216380618664,10,56.6,1,0.0,3.1,Main Building,20.0,5.0,Weekday
2026-01-20 05:40:33.605828,76.68839122289694,6.957069419599689,24.612096912526138,30,46.9,1,0.0,6.2,Main Building,20.0,5.0,Weekday
2026-01-20 06:40:33.605828,78.5933497793014,11.175916861821326,24.653022179458613,20,52.5,1,0.0,6.1,Main Building,20.0,5.0,Weekday
2026-01-20 07:40:33.605828,75.43975774678378,7.867719208462038,24.217881443366725,22,39.3,1,24.0,28.6,Main Building,20.0,5.0,Weekday
2026-01-20 08:40:33.605828,93.02760609695414,17.347324634650644,23.407354381861037,467,45.8,1,66.7,5.3,Main Building,20.0,5.0,Holiday
2026-01-20 09:40:33.605828,110.2981702649541,14.36880916058773,22.93889244917494,439,50.4,1,157.5,1.4,Main Building,20.0,5.0,Weekday
2026-01-20 10:40:33.605828,123.5133984392223,16.86050092379197,22.07805043914446,369,39.0,1,325.6,2.3,Main Building,20.0,5.0,Weekday
2026-01-20 11:40:33.605828,116.4682186062948,22.08416339954696,22.462325759499958,312,46.9,1,464.3,3.7,Main Building,22.0,5.0,Holiday
2026-01-20 12:40:33.605828,126.93131485547576,19.43444387419878,23.929742380608147,341,35.2,1,741.1,6.4,Main Building,20.0,5.0,Weekday
2026-01-20 13:40:33.605828,113.8384103420576,21.914672305641005,21.969431312940905,307,30.2,1,383.4,1.4,Main Building,22.0,5.0,Weekday
2026-01-20 14:40:33.605828,117.43970010829409,22.472187025172722,23.317308810412563,405,36.2,1,381.1,3.4,Main Building,22.0,5.0,Weekday
2026-01-20 15:40:33.605828,89.69665263382811,22.293289368737454,21.44057634394879,485,47.8,1,458.1,1.2,Main Building,22.0,5.0,Weekday
2026-01-20 16:40:33.605828,75.0204436315348,25.440883097616787,23.02100831406148,328,44.0,1,157.8,11.3,Main Building,22.0,5.0,Holiday
2026-01-20 17:40:33.605828,82.98482875822519,26.65665449686858,23.280566635854534,468,50.8,1,197.1,5.6,Main Building,22.0,5.0,Weekday
2026-01-20 18:40:33.605828,86.14482219286164,26.542619928537977,23.0827413704145,478,41.6,1,89.9,16.9,Main Building,22.0,5.0,Holiday
2026-01-20 19:40:33.605828,55.244520492346034,19.304213223493893,22.381432651886136,14,54.4,0,25.7,6.3,Main Building,20.0,5.0,Weekday
2026-01-20 20:40:33.605828,74.24253456834317,20.93211356499892,22.12776607410766,43,59.9,0,0.0,3.0,Main Building,22.0,5.0,Weekday
2026-01-20 21:40:33.605828,77.56415465949438,20.112190927357474,22.4292001477563,6,56.3,0,0.0,6.0,Main Building,22.0,5.0,Weekday
2026-01-20 22:40:33.605828,96.6627259447041,19.65927069188845,21.607842271726366,48,67.8,0,0.0,1.7,Main Building,20.0,5.0,Weekday
2026-01-20 23:40:33.605828,107.20037179560225,14.38255020049427,24.06150759303428,0,53.8,1,0.0,0.7,Main Building,20.0,5.0,Weekday
2026-01-21 00:40:33.605828,117.82145841461703,15.256298136665256,21.936024961102277,42,73.8,1,0.0,4.2,Main Building,20.0,5.0,Weekday
2026-01-21 01:40:33.605828,125.04521338544474,8.546844676739521,25.661461115424068,0,52.2,1,0.0,5.9,Main Building,20.0,5.0,Weekday
2026-01-21 02:40:33.605828,118.92901529692894,10.158162317210753,23.57878107825343,31,47.2,1,0.0,1.7,Main Building,20.0,5.0,Weekday
2026-01-21 03:40:33.605828,97.35796161522298,8.495595410253868,24.548349086780696,0,51.7,1,0.0,7.4,Main Building,20.0,5.0,Holiday
2026-01-21 04:40:33.605828,85.33661114386634,10.574081449411395,25.19602137989652,9,49.2,1,0.0,1.6,Main Building,20.0,5.0,Weekday
2026-01-21 05:40:33.605828,79.91244387120632,8.404646799266347,24.87911305610841,51,40.1,1,0.0,5.8,Main Building,20.0,5.0,Weekday
2026-01-21 06:40:33.605828,75.73832314381862,12.62939889907578,23.48580395154602,44,47.4,1,0.0,4.5,Main Building,20.0,5.0,Holiday
2026-01-21 07:40:33.605828,83.52679471175537,10.792133329479059,24.22319091533926,49,42.6,1,30.8,3.0,Main Building,20.0,5.0,Weekday
2026-01-21 08:40:33.605828,106.1786192965511,11.24428483001898,24.1248159209394,412,48.5,1,50.2,7.0,Main Building,20.0,5.0,Weekday
2026-01-21 09:40:33.605828,97.6807791029425,15.584176605598659,23.920253708719642,387,42.6,1,283.9,1.1,Main Building,20.0,5.0,Weekday
2026-01-21 10:40:33.605828,112.13947577866509,20.253268208202417,21.899018141416903,369,39.3,1,261.5,3.4,Main Building,22.0,5.0,Weekday
2026-01-21 11:40:33.605828,124.5307357469683,15.561382555108722,23.626212440054577,407,38.6,1,536.3,4.1,Main Building,20.0,5.0,Weekday
2026-01-21 12:40:33.605828,123.11898251026892,22.29993093574985,21.191234376977697,340,41.6,1,244.8,5.0,Main Building,22.0,5.0,Weekday
2026-01-21 13:40:33.605828,125.06728739991756,24.1212330670382,22.825328574162594,439,33.9,1,296.9,2.3,Main Building,22.0,5.0,Weekday
2026-01-21 14:40:33.605828,101.08158430430011,21.404923656512224,22.196715049791322,248,33.5,1,300.7,9.9,Main Building,22.0,5.0,Weekday
2026-01-21 15:40:33.605828,109.15187029187457,27.669158326983702,23.185341222582377,344,49.0,1,491.6,5.8,Main Building,22.0,5.0,Weekday
2026-01-21 16:40:33.605828,86.31271616965711,26.649290405905916,23.304185714543557,323,42.0,1,182.9,6.3,Main Building,22.0,5.0,Weekday
2026-01-21 17:40:33.605828,76.56170089465814,26.53713718318656,23.261906315178866,345,44.7,1,150.0,7.4,Main Building,22.0,5.0,Weekday
2026-01-21 18:40:33.605828,66.3979372098283,22.495199873533167,22.106783032967925,418,52.3,1,117.1,6.1,Main Building,22.0,5.0,Weekday
2026-01-21 19:40:33.605828,59.499209550013646,21.226025308503463,22.15791167330229,40,48.6,0,31.0,9.1,Main Building,22.0,5.0,Holiday
2026-01-21 20:40:33.605828,57.55260265941149,23.153297364541835,22.463157854897236,5,58.7,0,0.0,11.0,Main Building,22.0,5.0,Weekday
2026-01-21 21:40:33.605828,82.1358237390511,18.586028775105955,23.17900651106452,34,56.3,0,0.0,9.1,Main Building,20.0,5.0,Holiday
2026-01-21 22:40:33.605828,119.68723597498169,12.213511726591651,23.651001380900713,74,56.6,1,0.0,6.6,Main Building,20.0,5.0,Weekday
2026-01-21 23:40:33.605828,112.35908325633604,15.112317682231847,23.6616452528107,53,54.9,1,0.0,3.0,Main Building,20.0,5.0,Weekday
2026-01-22 00:40:33.605828,134.27427006777054,10.766674641083313,24.277280621729112,65,54.2,1,0.0,8.1,Main Building,20.0,5.0,Weekday
2026-01-22 01:40:33.605828,110.62073119678713,11.127872103055463,24.28713199863478,24,53.1,1,0.0,5.1,Main Building,20.0,5.0,Weekday
2026-01-22 02:40:33.605828,121.27125022572193,8.26148422360604,24.551789278159195,16,45.3,1,0.0,8.8,Main Building,20.0,5.0,Weekday
2026-01-22 03:40:33.605828,103.52737786646085,8.422911439038621,25.478161691736407,8,52.2,1,0.0,0.4,Main Building,20.0,5.0,Weekday
2026-01-22 04:40:33.605828,87.82930653726474,7.727415035744324,24.874006202149072,12,56.0,1,0.0,2.6,Main Building,20.0,5.0,Weekday
2026-01-22 05:40:33.605828,88.74227311005474,6.192086313395254,25.412865735799272,46,50.1,1,0.0,10.3,Main Building,20.0,5.0,Weekday
2026-01-22 06:40:33.605828,72.215924560174,11.605707937926612,24.148513500349967,0,46.7,1,0.0,10.1,Main Building,20.0,5.0,Weekday
2026-01-22 07:40:33.605828,75.203003605323,12.438719052642947,22.624698365843074,29,37.4,1,25.6,3.3,Main Building,20.0,5.0,Holiday
2026-01-22 08:40:33.605828,88.99523922821463,12.666697941921543,23.49647333923339,288,40.8,1,107.5,1.0,Main Building,20.0,5.0,Weekday
2026-01-22 09:40:33.605828,117.64018030679843,15.662511058695705,24.006690850911074,499,45.3,1,216.8,7.2,Main Building,20.0,5.0,Weekday
2026-01-22 10:40:33.605828,133.91083818255277,12.038190749694124,23.600592969915603,490,36.7,1,440.6,0.7,Main Building,20.0,5.0,Weekday
2026-01-22 11:40:33.605828,121.54495790936933,19.237031719522758,22.391613140575842,438,45.9,1,544.1,1.8,Main Building,20.0,5.0,Weekday
2026-01-22 12:40:33.605828,218.81044292773146,24.00969270811384,22.936877080714282,374,45.8,1,428.1,4.7,Main Building,22.0,5.0,Weekday
2026-01-22 13:40:33.605828,114.83755246719466,19.740776928732398,21.2973182151246,328,35.8,1,733.6,6.0,Main Building,20.0,5.0,Weekday
2026-01-22 14:40:33.605828,113.61366829617529,21.92615752330121,22.49635527330659,436,40.8,1,673.9,4.6,Main Building,22.0,5.0,Weekday
2026-01-22 15:40:33.605828,100.55313056648247,23.138033637786414,22.269548504640706,495,44.6,1,237.2,8.0,Main Building,22.0,5.0,Weekday
2026-01-22 16:40:33.605828,85.84173485757931,23.592575032765716,23.049748094135147,390,34.4,1,451.8,6.6,Main Building,22.0,5.0,Weekday
2026-01-22 17:40:33.605828,90.39161982184511,24.070707500382607,22.21948564228864,491,41.4,1,266.2,9.4,Main Building,22.0,5.0,Weekday
2026-01-22 18:40:33.605828,66.65996000700414,22.88212896655609,22.36384440439117,314,50.7,1,126.7,9.5,Main Building,22.0,5.0,Weekday
2026-01-22 19:40:33.605828,54.02552770928396,19.521466599812328,23.002487794361972,47,60.4,0,30.4,4.7,Main Building,20.0,5.0,Holiday
2026-01-22 20:40:33.605828,66.10298441339143,20.067481796422882,22.585601139925036,57,53.3,0,0.0,3.4,Main Building,22.0,5.0,Weekday
2026-01-22 21:40:33.605828,87.05499220668423,15.564009134362497,23.835720938760453,0,48.8,1,0.0,4.1,Main Building,20.0,5.0,Weekday
2026-01-22 22:40:33.605828,97.05226887943988,12.871930145265196,24.339954492440373,0,63.3,1,0.0,16.2,Main Building,20.0,5.0,Weekday
2026-01-22 23:40:33.605828,118.14220898055302,13.830952794868969,23.26930929268017,10,55.5,1,0.0,16.2,Main Building,20.0,5.0,Weekday
2026-01-23 00:40:33.605828,128.4870105241957,9.713813957185405,24.078372399007474,67,61.3,1,0.0,3.3,Main Building,20.0,5.0,Weekday
2026-01-23 01:40:33.605828,128.10001374575822,10.100585689093446,23.981612296421225,24,49.2,1,0.0,4.5,Main Building,20.0,5.0,Weekday
2026-01-23 02:40:33.605828,114.12957199180957,11.964686244561225,24.040400791213973,32,53.6,1,0.0,3.6,Main Building,20.0,5.0,Weekday
2026-01-23 03:40:33.605828,105.81557427385005,6.123517244820103,24.82081048885574,54,47.0,1,0.0,1.9,Main Building,20.0,5.0,Weekday
2026-01-23 04:40:33.605828,103.75948158595162,6.197445360269428,24.66797490876065,27,46.8,1,0.0,1.8,Main Building,20.0,5.0,Holiday
2026-01-23 05:40:33.605828,72.89292221556013,8.874424546758863,23.368586605254347,46,51.2,1,0.0,3.5,Main Building,20.0,5.0,Weekday
2026-01-23 06:40:33.605828,78.77641999941409,8.4856114438077,24.425353368678486,25,47.9,1,0.0,8.0,Main Building,20.0,5.0,Weekday
2026-01-23 07:40:33.605828,85.09863106606673,6.272049954605498,24.890536829308978,0,33.0,1,30.0,5.9,Main Building,20.0,5.0,Weekday
2026-01-23 08:40:33.605828,103.16088098723849,13.329235211729918,23.295143738845148,416,47.4,1,85.5,12.2,Main Building,20.0,5.0,Weekday
2026-01-23 09:40:33.605828,122.31522108225582,10.794557839843225,24.173943443066005,379,41.2,1,235.2,17.4,Main Building,20.0,5.0,Weekday
2026-01-23 10:40:33.605828,120.24388356669932,15.138344569303317,23.983738268469985,374,35.3,1,253.1,3.2,Main Building,20.0,5.0,Weekday
2026-01-23 11:40:33.605828,125.296172404203,18.79598520251665,23.346738750588397,374,48.5,1,393.3,3.1,Main Building,20.0,5.0,Weekday
2026-01-23 12:40:33.605828,120.44890480029045,20.95503733765247,23.060784870054523,497,31.1,1,480.3,5.3,Main Building,22.0,5.0,Weekday
2026-01-23 13:40:33.605828,122.5451870119076,18.52949250138339,23.295787525976895,330,40.7,1,404.1,1.2,Main Building,20.0,5.0,Holiday
2026-01-23 14:40:33.605828,109.8449664463591,20.820702669134153,22.636102994353916,362,36.0,1,458.0,2.4,Main Building,22.0,5.0,Weekday
2026-01-23 15:40:33.605828,101.70307076218212,24.073940354724414,21.419937602074086,414,46.7,1,298.3,2.7,Main Building,22.0,5.0,Weekday
2026-01-23 16:40:33.605828,86.56858360386651,21.479938284059294,22.951275056685258,446,44.3,1,359.6,2.5,Main Building,22.0,5.0,Holiday
2026-01-23 17:40:33.605828,86.00406053843922,18.27935023239476,22.443809074093377,429,45.5,1,292.8,2.5,Main Building,20.0,5.0,Weekday
2026-01-23 18:40:33.605828,75.44343509496339,18.82498947586795,22.85521683214158,364,45.2,1,131.7,7.6,Main Building,20.0,5.0,Weekday
2026-01-23 19:40:33.605828,55.22972004130116,21.1525851863934,21.891195260290605,38,56.2,0,30.0,4.8,Main Building,22.0,5.0,Weekday
2026-01-23 20:40:33.605828,66.34516702960025,22.587207937342292,21.482892534397713,45,58.4,0,0.0,2.8,Main Building,22.0,5.0,Holiday
2026-01-23 21:40:33.605828,73.86759998163848,20.1935860589154,23.23542851448335,5,47.3,0,0.0,11.8,Main Building,22.0,5.0,Weekday
2026-01-23 22:40:33.605828,101.76933951485069,13.607486234557864,22.84027475179171,21,59.2,1,0.0,10.2,Main Building,20.0,5.0,Weekday
2026-01-23 23:40:33.605828,119.21267589907863,13.701925167349003,24.297028156579014,48,54.3,1,0.0,6.3,Main Building,20.0,5.0,Weekday
2026-01-24 00:40:33.605828,53.90542847192998,11.071187615465066,23.507478925821225,23,47.4,1,0.0,1.3,Main Building,20.0,5.0,Weekend
2026-01-24 01:40:33.605828,65.79012932188722,11.103187808636758,25.039584320718653,19,62.8,1,0.0,1.5,Main Building,20.0,5.0,Weekend
2026-01-24 02:40:33.605828,68.43441287717475,8.00342138950905,24.47543120676391,49,53.1,1,0.0,5.0,Main Building,20.0,5.0,Weekend
2026-01-24 03:40:33.605828,57.645920004774034,8.292484407373925,25.175581933357034,36,43.5,1,0.0,10.1,Main Building,20.0,5.0,Weekend
2026-01-24 04:40:33.605828,128.7727169624335,5.340305392738938,24.122224624087206,28,59.3,1,0.0,3.2,Main Building,20.0,5.0,Weekend
2026-01-24 05:40:33.605828,46.368459841897504,9.463067734907312,24.90144943443645,36,51.3,1,0.0,7.1,Main Building,20.0,5.0,Weekend
2026-01-24 06:40:33.605828,49.95713680432005,8.62986100390629,24.66930951232536,0,50.9,1,0.0,13.2,Main Building,20.0,5.0,Weekend
2026-01-24 07:40:33.605828,51.42868341933752,10.063360461990673,23.909025387676245,0,39.8,1,32.2,2.0,Main Building,20.0,5.0,Weekend
2026-01-24 08:40:33.605828,61.15616309326012,11.827604170085298,23.491989475726214,46,44.9,1,68.1,8.7,Main Building,20.0,5.0,Weekend
2026-01-24 09:40:33.605828,51.554932839895734,12.077942672854853,23.63359678795818,13,44.0,1,287.7,2.7,Main Building,20.0,5.0,Weekend
2026-01-24 10:40:33.605828,50.49817389359755,13.05822671949588,24.036729853153485,24,39.7,1,229.2,0.3,Main Building,20.0,5.0,Weekend
2026-01-24 11:40:33.605828,44.26656814984667,18.24977605938697,23.02488122572634,27,47.0,0,541.6,2.6,Main Building,20.0,5.0,Weekend
2026-01-24 12:40:33.605828,38.56204490477759,18.517058452924914,22.52165666288576,49,32.7,0,237.9,5.7,Main Building,20.0,5.0,Weekend
2026-01-24 13:40:33.605828,33.62662417331692,21.635112804485832,23.060289088001632,13,44.3,0,436.6,23.0,Main Building,22.0,5.0,Weekend
2026-01-24 14:40:33.605828,40.26559648827628,21.68617174235586,22.15038751119747,19,34.5,0,299.5,15.5,Main Building,22.0,5.0,Weekend
2026-01-24 15:40:33.605828,44.905083072190756,26.79789181209297,22.838447637029578,45,43.7,1,485.7,5.4,Main Building,22.0,5.0,Weekend
2026-01-24 16:40:33.605828,38.06505147866074,25.389649287229428,23.774619309196392,52,40.8,1,352.0,3.5,Main Building,22.0,5.0,Weekend
2026-01-24 17:40:33.605828,29.518485258333204,25.26550042827902,23.38176314428894,0,39.9,1,167.6,2.0,Main Building,22.0,5.0,Weekend
2026-01-24 18:40:33.605828,29.74346926985683,22.428213528067232,22.461668432501007,30,53.0,0,65.5,0.2,Main Building,22.0,5.0,Weekend
2026-01-24 19:40:33.605828,31.3780160954382,21.188622468661777,21.322945419357485,24,52.9,0,19.4,12.1,Main Building,22.0,5.0,Weekend
2026-01-24 20:40:33.605828,20.567021554661906,18.160434983603963,23.85185307837348,11,52.6,0,0.0,9.7,Main Building,20.0,5.0,Weekend
2026-01-24 21:40:33.605828,42.92294985581201,18.170032430280244,22.984419969265858,26,47.5,0,0.0,7.4,Main Building,20.0,5.0,Weekend
2026-01-24 22:40:33.605828,47.0594564264077,15.36705741529542,23.72889925493105,24,49.9,1,0.0,16.0,Main Building,20.0,5.0,Weekend
2026-01-24 23:40:33.605828,64.96033794464704,10.782310975458486,24.087801128622107,38,53.0,1,0.0,7.4,Main Building,20.0,5.0,Weekend
2026-01-25 00:40:33.605828,72.28390984007798,10.30902441214532,24.128116478767428,20,44.1,1,0.0,6.0,Main Building,20.0,5.0,Weekend
2026-01-25 01:40:33.605828,65.95182409873274,10.440608189149524,23.785824207305396,86,60.9,1,0.0,21.2,Main Building,20.0,5.0,Weekend
2026-01-25 02:40:33.605828,54.58185008113791,11.239010043578183,24.57275353860409,0,60.6,1,0.0,3.1,Main Building,20.0,5.0,Weekend
2026-01-25 03:40:33.605828,61.7506102486426,3.8110489444246265,24.961979956864102,0,42.8,1,0.0,5.5,Main Building,20.0,5.0,Weekend
2026-01-25 04:40:33.605828,53.584097458893126,5.114963666638614,25.484848971882634,42,45.7,1,0.0,10.5,Main Building,20.0,5.0,Weekend
2026-01-25 05:40:33.605828,52.440095350602626,4.825746099866952,25.801733390510304,86,53.2,1,0.0,20.1,Main Building,20.0,5.0,Weekend
2026-01-25 06:40:33.605828,43.63190255807625,6.913554225545166,24.4932216976847,26,42.1,1,0.0,2.1,Main Building,20.0,5.0,Weekend
2026-01-25 07:40:33.605828,36.12587214832116,12.063337921877189,23.868400529621777,6,43.0,1,12.3,1.6,Main Building,20.0,5.0,Weekend
2026-01-25 08:40:33.605828,54.057351964633334,7.766426895572478,24.768232724061324,9,34.3,1,150.2,6.3,Main Building,20.0,5.0,Weekend
2026-01-25 09:40:33.605828,58.35427982389617,10.258363949653369,23.77884390934251,41,43.7,1,304.7,1.9,Main Building,20.0,5.0,Weekend
2026-01-25 10:40:33.605828,51.261824051687206,13.189008768746092,23.977968893462744,0,37.3,1,211.8,4.6,Main Building,20.0,5.0,Weekend
2026-01-25 11:40:33.605828,48.69927540437843,17.63423852921743,22.92036722425604,35,48.6,1,634.8,7.4,Main Building,20.0,5.0,Weekend
2026-01-25 12:40:33.605828,38.08308073872197,18.288067419518793,22.7777972010065,0,43.3,0,607.9,5.6,Main Building,20.0,5.0,Weekend
2026-01-25 13:40:33.605828,33.730613958263945,20.127436943754127,22.645600354757757,14,42.0,0,542.0,6.1,Main Building,22.0,5.0,Weekend
2026-01-25 14:40:33.605828,30.38534245457764,22.070822570129547,22.05712103575105,11,43.5,0,486.3,7.9,Main Building,22.0,5.0,Weekend
2026-01-25 15:40:33.605828,35.977947785278566,25.87689825797302,23.464339763020266,19,39.2,1,455.5,5.3,Main Building,22.0,5.0,Weekend
2026-01-25 16:40:33.605828,27.616912993600426,22.568302596073625,22.503157484303472,18,42.3,0,251.5,6.7,Main Building,22.0,5.0,Weekend
2026-01-25 17:40:33.605828,28.82257799890888,21.7675196725341,21.95983809767195,48,42.5,0,188.5,2.1,Main Building,22.0,5.0,Weekend
2026-01-25 18:40:33.605828,14.533355180238088,23.34439999651249,22.97065493889807,54,54.4,0,95.3,5.1,Main Building,22.0,5.0,Weekend
2026-01-25 19:40:33.605828,25.96780806771017,16.507248214935395,23.136189981286368,5,43.0,1,36.1,6.7,Main Building,20.0,5.0,Weekend
2026-01-25 20:40:33.605828,19.867036832171795,19.805238664731576,21.91049613489697,21,51.3,0,0.0,9.9,Main Building,20.0,5.0,Weekend
2026-01-25 21:40:33.605828,27.927493056865984,20.508410598461072,22.9237879314805,20,53.0,0,0.0,0.9,Main Building,22.0,5.0,Weekend
2026-01-25 22:40:33.605828,61.96431000333231,14.295227936016971,22.45606441213705,17,51.3,1,0.0,5.6,Main Building,20.0,5.0,Weekend
2026-01-25 23:40:33.605828,67.96435410866275,10.538691827389902,23.93933381816696,62,54.8,1,0.0,7.3,Main Building,20.0,5.0,Weekend
2026-01-26 00:40:33.605828,128.62970829447448,11.19399371579585,24.6057750442221,7,57.6,1,0.0,10.2,Main Building,20.0,5.0,Weekday
2026-01-26 01:40:33.605828,127.46301750281799,7.93087114858182,24.506528936565232,71,53.2,1,0.0,4.0,Main Building,20.0,5.0,Weekday
2026-01-26 02:40:33.605828,110.3082221279661,9.957976419599413,24.68275959958829,0,62.8,1,0.0,19.2,Main Building,20.0,5.0,Weekday
2026-01-26 03:40:33.605828,109.42970688391105,5.039172507105382,24.922929067202045,55,46.7,1,0.0,3.1,Main Building,20.0,5.0,Weekday
2026-01-26 04:40:33.605828,98.01866466401975,6.613921381260894,24.870268811706413,27,46.3,1,0.0,0.6,Main Building,20.0,5.0,Weekday
2026-01-26 05:40:33.605828,76.46024509754163,6.32870203354404,25.290778431067533,26,47.8,1,0.0,17.5,Main Building,20.0,5.0,Weekday
2026-01-26 06:40:33.605828,94.14893555432451,5.407695618814008,25.749054903571178,88,43.3,1,0.0,2.5,Main Building,20.0,5.0,Holiday
2026-01-26 07:40:33.605828,80.26036273624722,7.600374788547735,24.55528188637905,29,31.4,1,34.5,16.8,Main Building,20.0,5.0,Weekday
2026-01-26 08:40:33.605828,106.17716087123002,9.553404395197422,24.917288440281986,455,44.5,1,93.7,4.3,Main Building,20.0,5.0,Weekday
2026-01-26 09:40:33.605828,114.59920265297063,14.974401177385456,23.835940458935628,458,36.6,1,296.2,5.3,Main Building,20.0,5.0,Weekday
2026-01-26 10:40:33.605828,105.46219959475081,18.79807624746021,23.82681549485521,324,39.1,1,430.3,5.4,Main Building,20.0,5.0,Weekday
2026-01-26 11:40:33.605828,117.04778791584252,18.994622943375834,22.543537985384805,306,45.8,1,195.9,6.8,Main Building,20.0,5.0,Weekday
2026-01-26 12:40:33.605828,129.22140124432522,17.4198896198245,23.651859087967427,423,36.2,1,247.9,10.5,Main Building,20.0,5.0,Weekday
2026-01-26 13:40:33.605828,111.63121584820428,20.146521802679743,22.70396322575535,347,37.7,1,572.1,4.7,Main Building,22.0,5.0,Weekday
2026-01-26 14:40:33.605828,112.87365729754329,24.417333323996548,22.365290480845392,379,32.1,1,297.6,10.6,Main Building,22.0,5.0,Weekday
2026-01-26 15:40:33.605828,91.39182725263494,23.187427380206486,22.515725070822146,326,47.1,1,586.7,6.0,Main Building,22.0,5.0,Weekday
2026-01-26 16:40:33.605828,88.27572351509532,24.018981927377304,21.686040558281345,388,31.6,1,296.2,1.3,Main Building,22.0,5.0,Weekday
2026-01-26 17:40:33.605828,75.56354412935325,23.09150966303831,21.809189274206,424,43.6,1,159.9,7.6,Main Building,22.0,5.0,Weekday
2026-01-26 18:40:33.605828,81.75390457315561,26.29192453412368,23.39665986282697,464,51.1,1,87.5,0.4,Main Building,22.0,5.0,Weekday
2026-01-26 19:40:33.605828,53.314615624674644,20.67757482939271,21.48605094544284,11,50.3,0,35.8,6.6,Main Building,22.0,5.0,Weekday
2026-01-26 20:40:33.605828,66.74104978325954,22.260939912236644,22.734741508088128,6,58.2,0,0.0,3.5,Main Building,22.0,5.0,Weekday
2026-01-26 21:40:33.605828,92.92639096764779,16.148343885715686,23.675157723052617,0,51.8,1,0.0,5.9,Main Building,20.0,5.0,Weekday
2026-01-26 22:40:33.605828,171.7399548261513,15.175899075380478,24.037595895593885,65,62.1,1,0.0,6.1,Main Building,20.0,5.0,Weekday
2026-01-26 23:40:33.605828,111.05757182609966,13.233806731359614,23.696599564260243,30,54.7,1,0.0,6.9,Main Building,20.0,5.0,Weekday
2026-01-27 00:40:33.605828,120.10148948208949,11.43287121497862,23.72278017105305,27,48.8,1,0.0,5.9,Main Building,20.0,5.0,Weekday
2026-01-27 01:40:33.605828,226.93160888247155,7.748526625806576,25.246983756666264,40,59.1,1,0.0,5.6,Main Building,20.0,5.0,Holiday
2026-01-27 02:40:33.605828,97.19930169208853,11.87351490662802,23.545476802056307,26,53.1,1,0.0,2.6,Main Building,20.0,5.0,Weekday
2026-01-27 03:40:33.605828,104.22298084737584,10.6928256381945,25.263561153685163,39,53.9,1,0.0,1.7,Main Building,20.0,5.0,Weekday
2026-01-27 04:40:33.605828,89.45698296020187,6.459071140074311,25.393153551774525,50,55.7,1,0.0,12.0,Main Building,20.0,5.0,Weekday
2026-01-27 05:40:33.605828,82.35725076037414,8.28821112195908,24.484970807617586,41,47.8,1,0.0,5.6,Main Building,20.0,5.0,Weekday
2026-01-27 06:40:33.605828,84.34602077088326,4.588873290629348,25.452130378737365,54,42.6,1,0.0,6.0,Main Building,20.0,5.0,Weekday
2026-01-27 07:40:33.605828,83.0397569572,6.112168039037599,25.626353824915945,27,41.9,1,30.5,4.5,Main Building,20.0,5.0,Weekday
2026-01-27 08:40:33.605828,95.89609324097094,13.848035954386031,23.507664504169426,313,47.7,1,110.9,3.8,Main Building,20.0,5.0,Weekday
2026-01-27 09:40:33.605828,121.5308361237326,12.863854249389709,23.41873077895971,446,40.9,1,300.9,6.8,Main Building,20.0,5.0,Weekday
2026-01-27 10:40:33.605828,117.44073871378076,16.09522081865841,23.13707038849175,456,37.1,1,391.9,1.8,Main Building,20.0,5.0,Weekday
2026-01-27 11:40:33.605828,125.15008539564388,16.133717962374895,23.06441330456702,435,34.4,1,619.7,1.3,Main Building,20.0,5.0,Weekday
2026-01-27 12:40:33.605828,126.18557694701013,17.845350664929974,21.99121248489445,432,34.2,1,533.1,25.5,Main Building,20.0,5.0,Weekday
2026-01-27 13:40:33.605828,115.01286082990651,21.42733789027082,21.79129730757513,451,35.1,1,487.4,0.2,Main Building,22.0,5.0,Weekday
2026-01-27 14:40:33.605828,102.28896460757612,26.37527483149547,22.498459243795683,336,36.8,1,531.4,11.0,Main Building,22.0,5.0,Weekday
2026-01-27 15:40:33.605828,90.36592736851084,22.63255166244684,22.091364493117506,331,45.2,1,285.8,1.9,Main Building,22.0,5.0,Holiday
2026-01-27 16:40:33.605828,90.11018817030063,26.09025516383528,22.956736243944253,326,46.7,1,297.2,10.3,Main Building,22.0,5.0,Weekday
2026-01-27 17:40:33.605828,74.00086991827064,19.008134975781502,21.699554209612387,330,40.3,1,167.0,9.1,Main Building,20.0,5.0,Weekday
2026-01-27 18:40:33.605828,69.12661295756503,24.66561849247225,23.33230486548626,444,49.6,1,132.8,5.4,Main Building,22.0,5.0,Weekday
2026-01-27 19:40:33.605828,64.7867948175761,20.055425080564223,22.48403782708474,41,59.5,0,27.8,6.6,Main Building,22.0,5.0,Weekday
2026-01-27 20:40:33.605828,64.14309234294512,23.024919165999375,21.942643285809634,33,59.1,0,0.0,7.6,Main Building,22.0,5.0,Weekday
2026-01-27 21:40:33.605828,91.90738275910878,17.29343246350585,22.523856470782754,0,56.8,1,0.0,28.5,Main Building,20.0,5.0,Weekday
2026-01-27 22:40:33.605828,91.39003817339005,14.036200221807592,23.045643776942075,6,58.7,1,0.0,3.9,Main Building,20.0,5.0,Weekday
2026-01-27 23:40:33.605828,108.17318081152119,15.848955429235861,22.6658523433762,27,53.4,1,0.0,2.9,Main Building,20.0,5.0,Weekday
2026-01-28 00:40:33.605828,118.01825239959012,12.81328872334308,24.148799496721853,32,57.6,1,0.0,34.2,Main Building,20.0,5.0,Weekday
2026-01-28 01:40:33.605828,115.99822631585461,11.713502274752736,24.505595603520334,27,50.9,1,0.0,4.7,Main Building,20.0,5.0,Weekday
2026-01-28 02:40:33.605828,121.57562717210632,10.417182296535033,23.746850190294232,57,60.3,1,0.0,0.7,Main Building,20.0,5.0,Weekday
2026-01-28 03:40:33.605828,105.3068443728166,9.254873699995407,23.78725407008331,25,55.8,1,0.0,4.6,Main Building,20.0,5.0,Weekday
2026-01-28 04:40:33.605828,95.59426249107592,3.6439984217313146,26.417425202156934,34,42.2,1,0.0,4.1,Main Building,20.0,5.0,Weekday
2026-01-28 05:40:33.605828,92.25889075537641,6.732062248165987,24.709878325538142,29,47.9,1,0.0,3.1,Main Building,20.0,5.0,Weekday
2026-01-28 06:40:33.605828,78.57626251746923,8.141674115152615,25.188116279497596,0,49.4,1,0.0,5.1,Main Building,20.0,5.0,Weekday
2026-01-28 07:40:33.605828,77.57788521925251,11.041421503097572,23.731715808601862,39,38.8,1,17.5,10.4,Main Building,20.0,5.0,Weekday
2026-01-28 08:40:33.605828,97.68725440843887,10.26046319174589,24.317918853038677,384,39.6,1,72.0,10.6,Main Building,20.0,5.0,Holiday
2026-01-28 09:40:33.605828,110.30372448066136,14.36133335822745,23.045771624871218,357,34.4,1,134.1,1.5,Main Building,20.0,5.0,Weekday
2026-01-28 10:40:33.605828,122.06463039065332,19.449953815002736,22.58965727191467,456,51.7,1,328.2,3.5,Main Building,20.0,5.0,Weekday
2026-01-28 11:40:33.605828,135.47736055520207,16.455363529747196,24.247868767793015,467,39.8,1,484.3,4.1,Main Building,20.0,5.0,Weekday
2026-01-28 12:40:33.605828,122.1273745595539,22.093001765606484,21.673262714798163,286,33.9,1,519.7,27.1,Main Building,22.0,5.0,Weekday
2026-01-28 13:40:33.605828,122.88419701191935,22.56952839637238,21.687224088006836,497,40.9,1,409.9,3.4,Main Building,22.0,5.0,Weekday
2026-01-28 14:40:33.605828,122.77937025639093,24.834305978320725,22.638196041920263,504,35.0,1,252.5,2.5,Main Building,22.0,5.0,Weekday
2026-01-28 15:40:33.605828,111.08572166697112,27.463017236660683,23.8058280530512,410,39.3,1,521.8,6.8,Main Building,22.0,5.0,Weekday
2026-01-28 16:40:33.605828,87.52146828127788,25.83101700602991,22.55845943648867,375,36.1,1,258.2,12.9,Main Building,22.0,5.0,Weekday
2026-01-28 17:40:33.605828,70.93677366697109,21.894443699092868,22.167701848251774,311,41.0,1,243.7,3.7,Main Building,22.0,5.0,Holiday
2026-01-28 18:40:33.605828,80.85779185549032,25.95652223802812,22.64295052011003,420,43.8,1,52.2,3.1,Main Building,22.0,5.0,Weekday
2026-01-28 19:40:33.605828,68.10633154062779,21.655512796382475,21.051921751799593,58,53.3,0,14.7,6.2,Main Building,22.0,5.0,Weekday
2026-01-28 20:40:33.605828,147.5718545133232,21.398123528512393,22.69132914293725,65,53.1,0,0.0,5.5,Main Building,22.0,5.0,Weekday
2026-01-28 21:40:33.605828,90.81357884347369,17.67077443548546,22.435665955309794,69,59.9,1,0.0,24.1,Main Building,20.0,5.0,Weekday
2026-01-28 22:40:33.605828,98.29132827420598,13.333500261098793,24.05107631626625,10,55.0,1,0.0,3.7,Main Building,20.0,5.0,Weekday
2026-01-28 23:40:33.605828,122.93035123720837,12.247752265572148,24.104822766817268,70,50.2,1,0.0,1.5,Main Building,20.0,5.0,Weekday
2026-01-29 00:40:33.605828,114.08612840564749,13.977305694292674,22.84573837585987,28,51.9,1,0.0,4.9,Main Building,20.0,5.0,Weekday
2026-01-29 01:40:33.605828,115.90839210127177,9.049083378022166,25.037888598199594,56,55.1,1,0.0,26.7,Main Building,20.0,5.0,Weekday
2026-01-29 02:40:33.605828,107.30288208370061,14.093298574338329,23.477513274613145,30,61.7,1,0.0,5.1,Main Building,20.0,5.0,Weekday
2026-01-29 03:40:33.605828,99.10342106632073,8.90423034415358,24.839959590693567,25,58.1,1,0.0,4.7,Main Building,20.0,5.0,Holiday
2026-01-29 04:40:33.605828,96.24528598990346,7.465906980496905,25.475242968017497,39,48.3,1,0.0,5.2,Main Building,20.0,5.0,Weekday
2026-01-29 05:40:33.605828,73.15897734881709,9.0402852805952,24.944501332579094,0,48.9,1,0.0,8.4,Main Building,20.0,5.0,Holiday
2026-01-29 06:40:33.605828,91.11165520703086,8.234428440681313,24.62308012941972,48,41.5,1,0.0,13.4,Main Building,20.0,5.0,Weekday
2026-01-29 07:40:33.605828,75.08861322267907,12.532514033489344,23.86397581405166,32,42.0,1,37.6,7.0,Main Building,20.0,5.0,Weekday
2026-01-29 08:40:33.605828,99.13205297143416,13.562580238169659,23.547858187477278,411,40.2,1,49.1,6.0,Main Building,20.0,5.0,Weekday
2026-01-29 09:40:33.605828,101.1077385030376,15.70580308102117,23.095963968551974,299,42.1,1,173.2,9.5,Main Building,20.0,5.0,Weekday
2026-01-29 10:40:33.605828,117.75649896506852,17.70837498455805,22.315135695753966,345,44.2,1,401.9,4.7,Main Building,20.0,5.0,Weekday
2026-01-29 11:40:33.605828,214.4081574133217,23.095482372818353,21.795054943851813,496,45.6,1,620.9,6.1,Main Building,22.0,5.0,Weekday
2026-01-29 12:40:33.605828,121.67820490447154,20.336569004655804,21.1767136709159,400,42.3,1,364.8,3.3,Main Building,22.0,5.0,Weekday
2026-01-29 13:40:33.605828,104.38272501086709,22.139951605801876,22.064656789906948,330,40.4,1,512.3,1.9,Main Building,22.0,5.0,Weekday
2026-01-29 14:40:33.605828,111.43783289127964,23.84738658942017,23.032173145303844,317,41.1,1,325.9,1.8,Main Building,22.0,5.0,Weekday
2026-01-29 15:40:33.605828,99.12217601561724,25.814187519740905,23.065434339707352,314,37.1,1,503.9,5.0,Main Building,22.0,5.0,Weekday
2026-01-29 16:40:33.605828,89.96898445075307,28.25115735281459,24.490335871304822,335,44.7,1,330.8,2.1,Main Building,22.0,5.0,Weekday
2026-01-29 17:40:33.605828,71.78520568128607,21.606060478895927,21.869200000541852,316,43.8,1,228.0,10.2,Main Building,22.0,5.0,Weekday
2026-01-29 18:40:33.605828,73.38475143237699,27.079299984902352,23.578806127534193,433,44.8,1,108.6,7.2,Main Building,22.0,5.0,Weekday
2026-01-29 19:40:33.605828,55.46060766518439,22.90051234289088,21.908196638898907,20,55.2,0,21.1,2.1,Main Building,22.0,5.0,Weekday
2026-01-29 20:40:33.605828,61.4079825670676,22.350900220569635,21.474938506948867,0,51.2,0,0.0,6.1,Main Building,22.0,5.0,Weekday
2026-01-29 21:40:33.605828,137.99237121937475,21.374307338121408,22.163027174679176,0,56.3,0,0.0,7.5,Main Building,22.0,5.0,Weekday
2026-01-29 22:40:33.605828,90.48589376480773,17.049531252909972,22.46306720525215,18,54.9,1,0.0,4.1,Main Building,20.0,5.0,Weekday
2026-01-29 23:40:33.605828,96.08371978405252,17.568158633005282,23.538572516423105,21,63.5,1,0.0,0.2,Main Building,20.0,5.0,Weekday
2026-01-30 00:40:33.605828,117.33285116006707,12.492449455672437,24.556652917087227,20,55.5,1,0.0,1.6,Main Building,20.0,5.0,Weekday
2026-01-30 01:40:33.605828,123.82756035028986,13.002160898809255,23.323998376597565,40,53.0,1,0.0,3.9,Main Building,20.0,5.0,Holiday
2026-01-30 02:40:33.605828,120.71560715039976,7.6550740266829145,24.52658576754376,32,49.5,1,0.0,1.5,Main Building,20.0,5.0,Weekday
2026-01-30 03:40:33.605828,107.89580150718635,11.173104536939373,24.311837198924863,56,60.2,1,0.0,4.3,Main Building,20.0,5.0,Weekday
2026-01-30 04:40:33.605828,92.7208083380517,8.235668449982311,24.946495754078278,0,49.3,1,0.0,14.3,Main Building,20.0,5.0,Weekday
2026-01-30 05:40:33.605828,78.85706969349835,11.245072054009983,24.468036080934176,36,55.7,1,0.0,10.5,Main Building,20.0,5.0,Weekday
2026-01-30 06:40:33.605828,69.4987946417316,13.34358358938597,23.8865819116554,80,44.3,1,0.0,3.8,Main Building,20.0,5.0,Weekday
2026-01-30 07:40:33.605828,72.85124565424063,15.100468030478405,23.32448278997919,38,40.4,1,16.3,19.0,Main Building,20.0,5.0,Weekday
2026-01-30 08:40:33.605828,103.65689090307036,15.345750512571222,22.807602886765533,390,37.1,1,71.8,10.7,Main Building,20.0,5.0,Weekday
2026-01-30 09:40:33.605828,113.16874032918874,12.549111089447521,23.92934267852229,357,31.2,1,268.7,3.5,Main Building,20.0,5.0,Weekday
2026-01-30 10:40:33.605828,114.33927527130626,18.314167687153123,22.650489468326995,349,42.5,1,458.9,5.7,Main Building,20.0,5.0,Weekday
2026-01-30 11:40:33.605828,104.63261935350553,20.387033171647904,22.910924232574953,377,40.0,1,500.8,7.9,Main Building,22.0,5.0,Holiday
2026-01-30 12:40:33.605828,132.15187882015826,19.66213146859596,22.808050961224602,503,35.8,1,513.9,9.2,Main Building,20.0,5.0,Weekday
2026-01-30 13:40:33.605828,117.26242936208097,21.71143763175448,23.82516782602209,392,33.2,1,294.2,22.3,Main Building,22.0,5.0,Weekday
2026-01-30 14:40:33.605828,104.79611624430271,23.15001191409473,21.155629705092505,486,38.3,1,485.8,2.7,Main Building,22.0,5.0,Weekday
2026-01-30 15:40:33.605828,99.63811462344346,27.69829695483115,23.974842646881637,401,37.7,1,440.8,1.4,Main Building,22.0,5.0,Weekday
2026-01-30 16:40:33.605828,92.24396312407447,27.955713964323397,23.78849881964594,402,55.9,1,432.1,3.7,Main Building,22.0,5.0,Weekday
2026-01-30 17:40:33.605828,83.02805458927988,27.02561592249807,23.653427452027515,449,40.2,1,284.3,8.7,Main Building,22.0,5.0,Holiday
2026-01-30 18:40:33.605828,81.42913389678404,24.728882573857053,23.25759980309632,511,53.0,1,56.8,3.6,Main Building,22.0,5.0,Weekday
2026-01-30 19:40:33.605828,59.4250915582274,26.585700960323194,22.97154334510176,45,52.0,1,37.1,5.2,Main Building,22.0,5.0,Weekday
2026-01-30 20:40:33.605828,68.1267344897696,25.313144126216336,23.103906128522247,0,50.0,1,0.0,10.7,Main Building,22.0,5.0,Weekday
2026-01-30 21:40:33.605828,79.52378566794684,21.228243824414808,22.094431178824404,36,54.6,0,0.0,29.8,Main Building,22.0,5.0,Weekday
2026-01-30 22:40:33.605828,91.33175351182076,16.482192181560386,23.67475138055578,44,56.9,1,0.0,10.0,Main Building,20.0,5.0,Weekday
2026-01-30 23:40:33.605828,100.5894529109961,18.04469658707494,23.09902955948679,50,64.6,0,0.0,4.8,Main Building,20.0,5.0,Weekday
2026-01-31 00:40:33.605828,57.94064290275194,15.680803221787087,23.91892705029466,39,54.0,1,0.0,3.8,Main Building,20.0,5.0,Weekend
2026-01-31 01:40:33.605828,51.29494861710742,14.626462805951576,22.844563090254344,34,62.7,1,0.0,1.7,Main Building,20.0,5.0,Weekend
2026-01-31 02:40:33.605828,50.91493313284644,11.90100462616603,24.094287316093787,49,51.5,1,0.0,13.7,Main Building,20.0,5.0,Weekend
2026-01-31 03:40:33.605828,48.24155964484378,12.488267577358176,23.448734676091632,39,49.2,1,0.0,7.0,Main Building,20.0,5.0,Weekend
2026-01-31 04:40:33.605828,55.54269066830347,8.375339775256856,24.622504662336365,49,47.2,1,0.0,7.5,Main Building,20.0,5.0,Weekend
2026-01-31 05:40:33.605828,39.49868369801143,15.128309259788116,23.976280401293316,81,53.0,1,0.0,4.3,Main Building,20.0,5.0,Weekend
2026-01-31 06:40:33.605828,48.238041510273156,10.635849092538049,24.505633882811914,25,43.4,1,0.0,6.7,Main Building,20.0,5.0,Weekend
2026-01-31 07:40:33.605828,51.983800653273306,10.775078133313432,24.678611937861763,43,43.4,1,36.8,12.8,Main Building,20.0,5.0,Weekend
2026-01-31 08:40:33.605828,41.072881697205645,15.276494197094834,23.376171208535755,0,40.6,1,106.5,32.6,Main Building,20.0,5.0,Weekend
2026-01-31 09:40:33.605828,30.895154986938575,18.638911330079544,22.489093364512563,24,40.3,0,201.6,4.1,Main Building,20.0,5.0,Weekend
2026-01-31 10:40:33.605828,44.20413434732005,16.998143171475476,22.089189139184658,41,40.9,1,213.1,5.1,Main Building,20.0,5.0,Weekend
2026-01-31 11:40:33.605828,44.31102577611094,22.383798454287877,22.31474167530242,60,40.5,0,459.3,23.6,Main Building,22.0,5.0,Weekend
2026-01-31 12:40:33.605828,41.5901878698535,21.84594052145153,21.988246052081575,38,38.4,0,233.8,2.6,Main Building,22.0,5.0,Weekend
2026-01-31 13:40:33.605828,45.19262401393225,24.28646976018919,21.9232645374364,0,28.0,1,763.5,5.3,Main Building,22.0,5.0,Weekend
2026-01-31 14:40:33.605828,38.275745781226405,21.98902625864376,22.923652959860142,31,33.8,0,306.9,4.3,Main Building,22.0,5.0,Weekend
2026-01-31 15:40:33.605828,47.377692263185665,30.431952671462046,23.765897794825293,34,34.8,1,599.1,2.4,Main Building,22.0,5.0,Weekend
2026-01-31 16:40:33.605828,33.06698910336248,24.770106705432394,23.165208253236518,16,45.9,1,373.0,2.7,Main Building,22.0,5.0,Weekend
2026-01-31 17:40:33.605828,39.50016873961052,26.000867412294212,23.04011670993285,26,44.6,1,284.9,25.6,Main Building,22.0,5.0,Weekend
2026-01-31 18:40:33.605828,24.580132237713478,23.974144372150707,23.04939413371282,20,43.7,0,125.2,7.5,Main Building,22.0,5.0,Weekend
2026-01-31 19:40:33.605828,30.749873049156733,22.31728732371976,22.83952773449072,73,51.8,0,28.3,3.1,Main Building,22.0,5.0,Weekend
2026-01-31 20:40:33.605828,29.978082316312996,24.450693393985155,22.95911044154697,44,47.0,1,0.0,9.0,Main Building,22.0,5.0,Weekend
2026-01-31 21:40:33.605828,31.219458460120265,20.145793422236057,22.12145502940444,53,56.5,0,0.0,1.0,Main Building,22.0,5.0,Weekend
2026-01-31 22:40:33.605828,47.82654930894492,16.866554161258822,22.46049004583522,34,55.7,1,0.0,12.1,Main Building,20.0,5.0,Weekend
2026-01-31 23:40:33.605828,52.059412695151636,16.365291504754694,22.89573008346763,22,59.0,1,0.0,7.9,Main Building,20.0,5.0,Weekend
2026-02-01 00:40:33.605828,37.47026377918096,18.328768790178543,22.720279623870802,30,66.4,0,0.0,3.7,Main Building,20.0,5.0,Weekend
2026-02-01 01:40:33.605828,54.466779339507305,10.905689786761151,24.62174457411508,39,57.3,1,0.0,2.3,Main Building,20.0,5.0,Weekend
2026-02-01 02:40:33.605828,61.80634755607504,13.896533018931827,24.686756924232984,72,50.6,1,0.0,9.3,Main Building,20.0,5.0,Weekend
2026-02-01 03:40:33.605828,50.25231947590848,9.823769762754294,24.05832991592793,45,56.4,1,0.0,3.2,Main Building,20.0,5.0,Weekend
2026-02-01 04:40:33.605828,38.729473735630144,13.897222788676933,23.396761625158607,5,51.6,1,0.0,2.9,Main Building,20.0,5.0,Weekend
2026-02-01 05:40:33.605828,34.89023314404889,13.113779062394256,23.953346158072968,0,55.9,1,0.0,21.9,Main Building,20.0,5.0,Weekend
2026-02-01 06:40:33.605828,43.00059268397763,11.837829614356973,23.274786079033866,39,50.5,1,0.0,4.5,Main Building,20.0,5.0,Weekend
2026-02-01 07:40:33.605828,39.2709351157017,13.246789220717504,23.85987729870408,0,40.3,1,30.6,6.7,Main Building,20.0,5.0,Weekend
2026-02-01 08:40:33.605828,39.177962391388334,14.285743270691563,22.752991637887618,38,36.5,1,86.9,11.1,Main Building,20.0,5.0,Weekend
2026-02-01 09:40:33.605828,41.57539476444906,16.312634306331365,22.819884200687927,47,42.4,1,137.9,4.4,Main Building,20.0,5.0,Weekend
2026-02-01 10:40:33.605828,50.29594162497616,16.25416294078292,21.69466519316744,78,42.1,1,343.4,10.4,Main Building,20.0,5.0,Weekend
2026-02-01 11:40:33.605828,42.89664040730371,24.623757533333006,23.100751889914346,33,38.2,1,553.4,0.3,Main Building,22.0,5.0,Weekend
2026-02-01 12:40:33.605828,51.6221007307271,26.105095660047386,23.728543590737377,16,33.2,1,671.1,9.2,Main Building,22.0,5.0,Weekend
2026-02-01 13:40:33.605828,54.039341239688504,26.50760790217915,23.376439754351114,0,34.1,1,757.3,6.7,Main Building,22.0,5.0,Weekend
2026-02-01 14:40:33.605828,45.691435954291784,25.01052806812324,22.374682906817103,38,30.7,1,369.0,7.5,Main Building,22.0,5.0,Weekend
2026-02-01 15:40:33.605828,52.632723454656414,31.38778506488923,25.15364566253068,72,37.8,1,330.7,6.9,Main Building,22.0,5.0,Weekend
2026-02-01 16:40:33.605828,39.097276324243566,24.618600444863947,22.572592629618917,52,40.7,1,468.3,3.2,Main Building,22.0,5.0,Weekend
2026-02-01 17:40:33.605828,35.47758563714599,27.573464981357848,23.633165581845372,6,35.9,1,262.7,8.4,Main Building,22.0,5.0,Weekend
2026-02-01 18:40:33.605828,35.32618628490678,28.888959842173747,23.002906638704236,0,47.7,1,61.4,12.3,Main Building,22.0,5.0,Weekend
2026-02-01 19:40:33.605828,27.53384699273122,27.382171855892132,23.329236725980486,1,53.2,1,36.5,4.5,Main Building,22.0,5.0,Weekend
2026-02-01 20:40:33.605828,34.361026335385574,26.9044720964866,23.119062345077943,11,47.1,1,0.0,0.3,Main Building,22.0,5.0,Weekend
